sku_id,target_date,p10_demand,p50_demand,p90_demand,stockout_risk_score,store_id,horizon,incumbent_forecast,actual_demand,model_version
6560211a19b47992c3666cc44a7e94c0,2018-08-14,0.9999997924696652,0.9999997924696652,10.744431274201824,1.0,OLIST-BR,1,7.0,9.0,lgbm_q_recursive_v2
6560211a19b47992c3666cc44a7e94c0,2018-08-15,0.9999997924696652,0.9999997924696652,9.270955325655846,1.0,OLIST-BR,2,3.0,10.0,lgbm_q_recursive_v2
6560211a19b47992c3666cc44a7e94c0,2018-08-16,0.9999997924696652,0.9999997924696652,8.616460601123551,1.0,OLIST-BR,3,9.0,18.0,lgbm_q_recursive_v2
6560211a19b47992c3666cc44a7e94c0,2018-08-17,0.9999997924696652,0.9999997924696652,7.8788030182968765,1.0,OLIST-BR,4,6.0,5.0,lgbm_q_recursive_v2
6560211a19b47992c3666cc44a7e94c0,2018-08-18,0.9999997924696652,0.9999997924696652,5.872427269733103,1.0,OLIST-BR,5,5.0,4.0,lgbm_q_recursive_v2
6560211a19b47992c3666cc44a7e94c0,2018-08-19,0.9999997924696652,0.9999997924696652,2.674486553328184,1.0,OLIST-BR,6,9.0,2.0,lgbm_q_recursive_v2
6560211a19b47992c3666cc44a7e94c0,2018-08-20,0.9999997924696652,0.9999997924696652,6.303355622953348,1.0,OLIST-BR,7,8.0,8.0,lgbm_q_recursive_v2
6560211a19b47992c3666cc44a7e94c0,2018-08-21,0.9999997924696652,0.9999997924696652,5.7146808296540135,1.0,OLIST-BR,8,7.0,8.0,lgbm_q_recursive_v2
6560211a19b47992c3666cc44a7e94c0,2018-08-22,0.9999997924696652,0.9999997924696652,5.103926038503546,1.0,OLIST-BR,9,3.0,4.0,lgbm_q_recursive_v2
6560211a19b47992c3666cc44a7e94c0,2018-08-23,0.9999997924696652,0.9999997924696652,4.774257841213119,1.0,OLIST-BR,10,9.0,6.0,lgbm_q_recursive_v2
6560211a19b47992c3666cc44a7e94c0,2018-08-24,0.9999997924696652,0.9999997924696652,5.012538274224683,1.0,OLIST-BR,11,6.0,8.0,lgbm_q_recursive_v2
6560211a19b47992c3666cc44a7e94c0,2018-08-25,0.9999997924696652,0.9999997924696652,2.773949893456101,1.0,OLIST-BR,12,5.0,1.0,lgbm_q_recursive_v2
6560211a19b47992c3666cc44a7e94c0,2018-08-26,0.9999997924696652,0.9999997924696652,3.0664052269820745,1.0,OLIST-BR,13,9.0,2.0,lgbm_q_recursive_v2
6560211a19b47992c3666cc44a7e94c0,2018-08-27,0.9999997924696652,0.9999997924696652,3.4867355001280327,1.0,OLIST-BR,14,8.0,2.0,lgbm_q_recursive_v2
9f505651f4a6abe901a56cdc21508025,2018-08-14,0.9999997924696652,0.9999997924696652,3.884929940488549,1.0,OLIST-BR,1,2.0,1.0,lgbm_q_recursive_v2
9f505651f4a6abe901a56cdc21508025,2018-08-15,0.9999997924696652,0.9999997924696652,4.9586274576392295,1.0,OLIST-BR,2,0.0,2.0,lgbm_q_recursive_v2
9f505651f4a6abe901a56cdc21508025,2018-08-16,0.9999997924696652,0.9999997924696652,5.096337181421805,1.0,OLIST-BR,3,2.0,8.0,lgbm_q_recursive_v2
9f505651f4a6abe901a56cdc21508025,2018-08-17,0.9999997924696652,0.9999997924696652,3.8875475177751935,1.0,OLIST-BR,4,6.0,2.0,lgbm_q_recursive_v2
9f505651f4a6abe901a56cdc21508025,2018-08-18,0.9999997924696652,0.9999997924696652,3.3616427858765405,1.0,OLIST-BR,5,5.0,3.0,lgbm_q_recursive_v2
9f505651f4a6abe901a56cdc21508025,2018-08-19,0.9999997924696652,0.9999997924696652,2.372180057630916,1.0,OLIST-BR,6,4.0,3.0,lgbm_q_recursive_v2
9f505651f4a6abe901a56cdc21508025,2018-08-20,0.9999997924696652,0.9999997924696652,4.73796254814259,1.0,OLIST-BR,7,1.0,2.0,lgbm_q_recursive_v2
9f505651f4a6abe901a56cdc21508025,2018-08-21,0.9999997924696652,0.9999997924696652,4.745546362533542,1.0,OLIST-BR,8,2.0,2.0,lgbm_q_recursive_v2
9f505651f4a6abe901a56cdc21508025,2018-08-22,0.9999997924696652,0.9999997924696652,4.659630841208289,1.0,OLIST-BR,9,0.0,6.0,lgbm_q_recursive_v2
9f505651f4a6abe901a56cdc21508025,2018-08-23,0.9999997924696652,0.9999997924696652,4.460828624415226,1.0,OLIST-BR,10,2.0,2.0,lgbm_q_recursive_v2
9f505651f4a6abe901a56cdc21508025,2018-08-24,0.9999997924696652,0.9999997924696652,4.140825491543056,1.0,OLIST-BR,11,6.0,4.0,lgbm_q_recursive_v2
9f505651f4a6abe901a56cdc21508025,2018-08-25,0.9999997924696652,0.9999997924696652,2.170930163435112,1.0,OLIST-BR,12,5.0,1.0,lgbm_q_recursive_v2
9f505651f4a6abe901a56cdc21508025,2018-08-26,0.9999997924696652,0.9999997924696652,2.5382280358568643,1.0,OLIST-BR,13,4.0,2.0,lgbm_q_recursive_v2
9f505651f4a6abe901a56cdc21508025,2018-08-27,0.9999997924696652,0.9999997924696652,2.710931368744298,1.0,OLIST-BR,14,1.0,1.0,lgbm_q_recursive_v2
d13e50eaa47b4cbe9eb81465865d8cfc,2018-08-14,0.9999997924696652,0.9999997924696652,3.3242006344746944,0.464,OLIST-BR,1,2.0,5.0,lgbm_q_recursive_v2
d13e50eaa47b4cbe9eb81465865d8cfc,2018-08-15,0.9999997924696652,0.9999997924696652,3.4047302690128056,0.464,OLIST-BR,2,1.0,4.0,lgbm_q_recursive_v2
d13e50eaa47b4cbe9eb81465865d8cfc,2018-08-16,0.9999997924696652,0.9999997924696652,2.977728657008946,0.464,OLIST-BR,3,1.0,6.0,lgbm_q_recursive_v2
d13e50eaa47b4cbe9eb81465865d8cfc,2018-08-17,0.9999997924696652,0.9999997924696652,3.1276446295943074,0.464,OLIST-BR,4,3.0,3.0,lgbm_q_recursive_v2
d13e50eaa47b4cbe9eb81465865d8cfc,2018-08-18,0.9999997924696652,0.9999997924696652,2.0868236984713384,0.464,OLIST-BR,5,3.0,3.0,lgbm_q_recursive_v2
d13e50eaa47b4cbe9eb81465865d8cfc,2018-08-19,0.9999997924696652,0.9999997924696652,2.7751567434343616,0.464,OLIST-BR,6,2.0,7.0,lgbm_q_recursive_v2
d13e50eaa47b4cbe9eb81465865d8cfc,2018-08-20,0.9999997924696652,0.9999997924696652,3.085906710021188,0.464,OLIST-BR,7,1.0,5.0,lgbm_q_recursive_v2
d13e50eaa47b4cbe9eb81465865d8cfc,2018-08-21,0.9999997924696652,0.9999997924696652,3.1004285255624766,0.464,OLIST-BR,8,2.0,5.0,lgbm_q_recursive_v2
d13e50eaa47b4cbe9eb81465865d8cfc,2018-08-22,0.0,0.0,0.0,0.464,OLIST-BR,9,1.0,0.0,lgbm_q_recursive_v2
d13e50eaa47b4cbe9eb81465865d8cfc,2018-08-23,0.9999997924696652,0.9999997924696652,2.990475373544536,0.464,OLIST-BR,10,1.0,1.0,lgbm_q_recursive_v2
d13e50eaa47b4cbe9eb81465865d8cfc,2018-08-24,0.9999997924696652,0.9999997924696652,2.9594947666372224,0.464,OLIST-BR,11,3.0,3.0,lgbm_q_recursive_v2
d13e50eaa47b4cbe9eb81465865d8cfc,2018-08-25,0.9999997924696652,0.9999997924696652,2.359933208313782,0.464,OLIST-BR,12,3.0,1.0,lgbm_q_recursive_v2
d13e50eaa47b4cbe9eb81465865d8cfc,2018-08-26,0.9999997924696652,0.9999997924696652,3.0951223101743666,0.464,OLIST-BR,13,2.0,2.0,lgbm_q_recursive_v2
d13e50eaa47b4cbe9eb81465865d8cfc,2018-08-27,0.9999997924696652,0.9999997924696652,2.8634231474723264,0.464,OLIST-BR,14,1.0,3.0,lgbm_q_recursive_v2
da8622b14eb17ae2831f4ac5b9dab84a,2018-08-14,0.9999997924696652,0.9999997924696652,2.8704746156875025,1.0,OLIST-BR,1,3.0,2.0,lgbm_q_recursive_v2
da8622b14eb17ae2831f4ac5b9dab84a,2018-08-15,0.9999997924696652,0.9999997924696652,5.0729990628966,1.0,OLIST-BR,2,0.0,2.0,lgbm_q_recursive_v2
da8622b14eb17ae2831f4ac5b9dab84a,2018-08-16,0.0,0.0,0.0,1.0,OLIST-BR,3,0.0,0.0,lgbm_q_recursive_v2
da8622b14eb17ae2831f4ac5b9dab84a,2018-08-17,0.9999997924696652,0.9999997924696652,4.418991463711921,1.0,OLIST-BR,4,2.0,2.0,lgbm_q_recursive_v2
da8622b14eb17ae2831f4ac5b9dab84a,2018-08-18,0.9999997924696652,0.9999997924696652,2.3706507860159487,1.0,OLIST-BR,5,3.0,1.0,lgbm_q_recursive_v2
da8622b14eb17ae2831f4ac5b9dab84a,2018-08-19,0.9999997924696652,0.9999997924696652,2.6986110325917623,1.0,OLIST-BR,6,2.0,2.0,lgbm_q_recursive_v2
da8622b14eb17ae2831f4ac5b9dab84a,2018-08-20,0.9999997924696652,0.9999997924696652,3.2190266062920485,1.0,OLIST-BR,7,3.0,1.0,lgbm_q_recursive_v2
da8622b14eb17ae2831f4ac5b9dab84a,2018-08-21,0.9999997924696652,0.9999997924696652,5.0057979481152,1.0,OLIST-BR,8,3.0,1.0,lgbm_q_recursive_v2
da8622b14eb17ae2831f4ac5b9dab84a,2018-08-22,0.9999997924696652,0.9999997924696652,4.898897450497096,1.0,OLIST-BR,9,0.0,8.0,lgbm_q_recursive_v2
da8622b14eb17ae2831f4ac5b9dab84a,2018-08-23,0.9999997924696652,0.9999997924696652,4.499181377658376,1.0,OLIST-BR,10,0.0,2.0,lgbm_q_recursive_v2
da8622b14eb17ae2831f4ac5b9dab84a,2018-08-24,0.9999997924696652,0.9999997924696652,2.424025096081724,1.0,OLIST-BR,11,2.0,1.0,lgbm_q_recursive_v2
da8622b14eb17ae2831f4ac5b9dab84a,2018-08-25,0.0,0.0,0.0,1.0,OLIST-BR,12,3.0,0.0,lgbm_q_recursive_v2
da8622b14eb17ae2831f4ac5b9dab84a,2018-08-26,0.9999997924696652,0.9999997924696652,2.0846318920145985,1.0,OLIST-BR,13,2.0,1.0,lgbm_q_recursive_v2
da8622b14eb17ae2831f4ac5b9dab84a,2018-08-27,0.9999997924696652,0.9999997924696652,2.9897249278024978,1.0,OLIST-BR,14,3.0,1.0,lgbm_q_recursive_v2
4a3ca9315b744ce9f8e9374361493884,2018-08-14,0.9999997924696652,0.9999997924696652,6.098226886568545,1.0,OLIST-BR,1,6.0,4.0,lgbm_q_recursive_v2
4a3ca9315b744ce9f8e9374361493884,2018-08-15,0.9999997924696652,0.9999997924696652,5.745292523540095,1.0,OLIST-BR,2,2.0,1.0,lgbm_q_recursive_v2
4a3ca9315b744ce9f8e9374361493884,2018-08-16,0.9999997924696652,0.9999997924696652,5.410192596676818,1.0,OLIST-BR,3,1.0,1.0,lgbm_q_recursive_v2
4a3ca9315b744ce9f8e9374361493884,2018-08-17,0.9999997924696652,0.9999997924696652,4.971002454508062,1.0,OLIST-BR,4,0.0,2.0,lgbm_q_recursive_v2
4a3ca9315b744ce9f8e9374361493884,2018-08-18,0.9999997924696652,0.9999997924696652,3.983050979624623,1.0,OLIST-BR,5,3.0,4.0,lgbm_q_recursive_v2
4a3ca9315b744ce9f8e9374361493884,2018-08-19,0.9999997924696652,0.9999997924696652,3.995913228497169,1.0,OLIST-BR,6,3.0,1.0,lgbm_q_recursive_v2
4a3ca9315b744ce9f8e9374361493884,2018-08-20,0.9999997924696652,0.9999997924696652,4.048949280452814,1.0,OLIST-BR,7,1.0,1.0,lgbm_q_recursive_v2
4a3ca9315b744ce9f8e9374361493884,2018-08-21,0.9999997924696652,0.9999997924696652,4.124398159600581,1.0,OLIST-BR,8,6.0,1.0,lgbm_q_recursive_v2
4a3ca9315b744ce9f8e9374361493884,2018-08-22,0.0,0.0,0.0,1.0,OLIST-BR,9,2.0,0.0,lgbm_q_recursive_v2
4a3ca9315b744ce9f8e9374361493884,2018-08-23,0.0,0.0,0.0,1.0,OLIST-BR,10,1.0,0.0,lgbm_q_recursive_v2
4a3ca9315b744ce9f8e9374361493884,2018-08-24,0.9999997924696652,0.9999997924696652,4.232653937713297,1.0,OLIST-BR,11,0.0,1.0,lgbm_q_recursive_v2
4a3ca9315b744ce9f8e9374361493884,2018-08-25,0.9999997924696652,0.9999997924696652,3.548115571835696,1.0,OLIST-BR,12,3.0,1.0,lgbm_q_recursive_v2
4a3ca9315b744ce9f8e9374361493884,2018-08-26,0.9999997924696652,0.9999997924696652,3.599829251653144,1.0,OLIST-BR,13,3.0,1.0,lgbm_q_recursive_v2
4a3ca9315b744ce9f8e9374361493884,2018-08-27,0.9999997924696652,0.9999997924696652,4.5985286671120456,1.0,OLIST-BR,14,1.0,1.0,lgbm_q_recursive_v2
955fee9216a65b617aa5c0531780ce60,2018-08-14,0.9999997924696652,0.9999997924696652,5.636505944264978,1.0,OLIST-BR,1,2.0,4.0,lgbm_q_recursive_v2
955fee9216a65b617aa5c0531780ce60,2018-08-15,0.9999997924696652,0.9999997924696652,3.255019386720049,1.0,OLIST-BR,2,1.0,2.0,lgbm_q_recursive_v2
955fee9216a65b617aa5c0531780ce60,2018-08-16,0.0,0.0,0.0,1.0,OLIST-BR,3,2.0,0.0,lgbm_q_recursive_v2
955fee9216a65b617aa5c0531780ce60,2018-08-17,0.9999997924696652,0.9999997924696652,4.515516507804168,1.0,OLIST-BR,4,4.0,5.0,lgbm_q_recursive_v2
955fee9216a65b617aa5c0531780ce60,2018-08-18,0.9999997924696652,0.9999997924696652,3.7285317629281054,1.0,OLIST-BR,5,2.0,1.0,lgbm_q_recursive_v2
955fee9216a65b617aa5c0531780ce60,2018-08-19,0.9999997924696652,0.9999997924696652,3.094365036589908,1.0,OLIST-BR,6,3.0,1.0,lgbm_q_recursive_v2
955fee9216a65b617aa5c0531780ce60,2018-08-20,0.9999997924696652,0.9999997924696652,3.035213621366757,1.0,OLIST-BR,7,2.0,2.0,lgbm_q_recursive_v2
955fee9216a65b617aa5c0531780ce60,2018-08-21,0.9999997924696652,0.9999997924696652,4.807551702037644,1.0,OLIST-BR,8,2.0,3.0,lgbm_q_recursive_v2
955fee9216a65b617aa5c0531780ce60,2018-08-22,0.9999997924696652,0.9999997924696652,4.530487446786834,1.0,OLIST-BR,9,1.0,4.0,lgbm_q_recursive_v2
955fee9216a65b617aa5c0531780ce60,2018-08-23,0.0,0.0,0.0,1.0,OLIST-BR,10,2.0,0.0,lgbm_q_recursive_v2
955fee9216a65b617aa5c0531780ce60,2018-08-24,0.9999997924696652,0.9999997924696652,2.6950594400028463,1.0,OLIST-BR,11,4.0,1.0,lgbm_q_recursive_v2
955fee9216a65b617aa5c0531780ce60,2018-08-25,0.9999997924696652,0.9999997924696652,2.574762601175565,1.0,OLIST-BR,12,2.0,1.0,lgbm_q_recursive_v2
955fee9216a65b617aa5c0531780ce60,2018-08-26,0.9999997924696652,0.9999997924696652,3.803835732969616,1.0,OLIST-BR,13,3.0,2.0,lgbm_q_recursive_v2
955fee9216a65b617aa5c0531780ce60,2018-08-27,0.9999997924696652,0.9999997924696652,4.443233636373225,1.0,OLIST-BR,14,2.0,2.0,lgbm_q_recursive_v2
e9779976487b77c6d4ac45f75ec7afe9,2018-08-14,0.9999997924696652,0.9999997924696652,5.833834329556392,1.0,OLIST-BR,1,4.0,4.0,lgbm_q_recursive_v2
e9779976487b77c6d4ac45f75ec7afe9,2018-08-15,0.9999997924696652,0.9999997924696652,4.384396497982981,1.0,OLIST-BR,2,0.0,2.0,lgbm_q_recursive_v2
e9779976487b77c6d4ac45f75ec7afe9,2018-08-16,0.9999997924696652,0.9999997924696652,4.546723611567631,1.0,OLIST-BR,3,1.0,1.0,lgbm_q_recursive_v2
e9779976487b77c6d4ac45f75ec7afe9,2018-08-17,0.9999997924696652,0.9999997924696652,4.443532646613891,1.0,OLIST-BR,4,2.0,1.0,lgbm_q_recursive_v2
e9779976487b77c6d4ac45f75ec7afe9,2018-08-18,0.9999997924696652,0.9999997924696652,3.6729716015560734,1.0,OLIST-BR,5,3.0,2.0,lgbm_q_recursive_v2
e9779976487b77c6d4ac45f75ec7afe9,2018-08-19,0.9999997924696652,0.9999997924696652,3.588357594534576,1.0,OLIST-BR,6,9.0,3.0,lgbm_q_recursive_v2
e9779976487b77c6d4ac45f75ec7afe9,2018-08-20,0.9999997924696652,0.9999997924696652,4.7791187168623805,1.0,OLIST-BR,7,0.0,2.0,lgbm_q_recursive_v2
e9779976487b77c6d4ac45f75ec7afe9,2018-08-21,0.0,0.0,0.0,1.0,OLIST-BR,8,4.0,0.0,lgbm_q_recursive_v2
e9779976487b77c6d4ac45f75ec7afe9,2018-08-22,0.9999997924696652,0.9999997924696652,3.775615734184876,1.0,OLIST-BR,9,0.0,1.0,lgbm_q_recursive_v2
e9779976487b77c6d4ac45f75ec7afe9,2018-08-23,0.9999997924696652,0.9999997924696652,4.178266367363017,1.0,OLIST-BR,10,1.0,5.0,lgbm_q_recursive_v2
e9779976487b77c6d4ac45f75ec7afe9,2018-08-24,0.9999997924696652,0.9999997924696652,2.1942195160001576,1.0,OLIST-BR,11,2.0,8.0,lgbm_q_recursive_v2
e9779976487b77c6d4ac45f75ec7afe9,2018-08-25,0.0,0.0,0.0,1.0,OLIST-BR,12,3.0,0.0,lgbm_q_recursive_v2
e9779976487b77c6d4ac45f75ec7afe9,2018-08-26,0.9999997924696652,0.9999997924696652,2.411886629249873,1.0,OLIST-BR,13,9.0,1.0,lgbm_q_recursive_v2
e9779976487b77c6d4ac45f75ec7afe9,2018-08-27,0.9999997924696652,0.9999997924696652,4.146123523174143,1.0,OLIST-BR,14,0.0,1.0,lgbm_q_recursive_v2
8a432f4e5b471f8da497d7dc517666e2,2018-08-14,0.0,0.0,0.0,1.0,OLIST-BR,1,1.0,0.0,lgbm_q_recursive_v2
8a432f4e5b471f8da497d7dc517666e2,2018-08-15,0.9999997924696652,0.9999997924696652,2.6022368493730994,1.0,OLIST-BR,2,0.0,2.0,lgbm_q_recursive_v2
8a432f4e5b471f8da497d7dc517666e2,2018-08-16,0.9999997924696652,0.9999997924696652,2.3507717286283247,1.0,OLIST-BR,3,1.0,1.0,lgbm_q_recursive_v2
8a432f4e5b471f8da497d7dc517666e2,2018-08-17,0.9999997924696652,0.9999997924696652,2.843850361537604,1.0,OLIST-BR,4,0.0,2.0,lgbm_q_recursive_v2
8a432f4e5b471f8da497d7dc517666e2,2018-08-18,0.9999997924696652,0.9999997924696652,2.433460098019402,1.0,OLIST-BR,5,0.0,1.0,lgbm_q_recursive_v2
8a432f4e5b471f8da497d7dc517666e2,2018-08-19,0.9999997924696652,0.9999997924696652,2.361009954514204,1.0,OLIST-BR,6,4.0,3.0,lgbm_q_recursive_v2
8a432f4e5b471f8da497d7dc517666e2,2018-08-20,0.9999997924696652,0.9999997924696652,2.834523702008088,1.0,OLIST-BR,7,3.0,1.0,lgbm_q_recursive_v2
8a432f4e5b471f8da497d7dc517666e2,2018-08-21,0.9999997924696652,0.9999997924696652,2.883572964894886,1.0,OLIST-BR,8,1.0,1.0,lgbm_q_recursive_v2
8a432f4e5b471f8da497d7dc517666e2,2018-08-22,0.9999997924696652,0.9999997924696652,2.9639580619753563,1.0,OLIST-BR,9,0.0,2.0,lgbm_q_recursive_v2
8a432f4e5b471f8da497d7dc517666e2,2018-08-23,0.9999997924696652,0.9999997924696652,2.9660313611916385,1.0,OLIST-BR,10,1.0,1.0,lgbm_q_recursive_v2
8a432f4e5b471f8da497d7dc517666e2,2018-08-24,0.9999997924696652,0.9999997924696652,2.923637463212062,1.0,OLIST-BR,11,0.0,1.0,lgbm_q_recursive_v2
8a432f4e5b471f8da497d7dc517666e2,2018-08-25,0.9999997924696652,0.9999997924696652,2.6799496927990654,1.0,OLIST-BR,12,0.0,1.0,lgbm_q_recursive_v2
8a432f4e5b471f8da497d7dc517666e2,2018-08-26,0.0,0.0,0.0,1.0,OLIST-BR,13,4.0,0.0,lgbm_q_recursive_v2
8a432f4e5b471f8da497d7dc517666e2,2018-08-27,0.0,0.0,0.0,1.0,OLIST-BR,14,3.0,0.0,lgbm_q_recursive_v2
1025f0e2d44d7041d6cf58b6550e0bfa,2018-08-14,0.9999997924696652,0.9999997924696652,11.71463480342682,1.0,OLIST-BR,1,8.0,10.0,lgbm_q_recursive_v2
1025f0e2d44d7041d6cf58b6550e0bfa,2018-08-15,0.9999997924696652,0.9999997924696652,9.343894239835135,1.0,OLIST-BR,2,5.0,5.0,lgbm_q_recursive_v2
1025f0e2d44d7041d6cf58b6550e0bfa,2018-08-16,0.9999997924696652,0.9999997924696652,9.029293110021236,1.0,OLIST-BR,3,9.0,2.0,lgbm_q_recursive_v2
1025f0e2d44d7041d6cf58b6550e0bfa,2018-08-17,0.9999997924696652,0.9999997924696652,7.749605269021541,1.0,OLIST-BR,4,10.0,7.0,lgbm_q_recursive_v2
1025f0e2d44d7041d6cf58b6550e0bfa,2018-08-18,0.9999997924696652,0.9999997924696652,3.819662453177141,1.0,OLIST-BR,5,9.0,2.0,lgbm_q_recursive_v2
1025f0e2d44d7041d6cf58b6550e0bfa,2018-08-19,0.9999997924696652,0.9999997924696652,5.973847560541258,1.0,OLIST-BR,6,9.0,2.0,lgbm_q_recursive_v2
1025f0e2d44d7041d6cf58b6550e0bfa,2018-08-20,0.0,0.0,0.0,1.0,OLIST-BR,7,5.0,0.0,lgbm_q_recursive_v2
1025f0e2d44d7041d6cf58b6550e0bfa,2018-08-21,0.9999997924696652,0.9999997924696652,4.688407212722268,1.0,OLIST-BR,8,8.0,1.0,lgbm_q_recursive_v2
1025f0e2d44d7041d6cf58b6550e0bfa,2018-08-22,0.9999997924696652,0.9999997924696652,5.596677978339713,1.0,OLIST-BR,9,5.0,1.0,lgbm_q_recursive_v2
1025f0e2d44d7041d6cf58b6550e0bfa,2018-08-23,0.9999997924696652,0.9999997924696652,4.54674258619535,1.0,OLIST-BR,10,9.0,2.0,lgbm_q_recursive_v2
1025f0e2d44d7041d6cf58b6550e0bfa,2018-08-24,0.9999997924696652,0.9999997924696652,3.5362853163645998,1.0,OLIST-BR,11,10.0,1.0,lgbm_q_recursive_v2
1025f0e2d44d7041d6cf58b6550e0bfa,2018-08-25,0.0,0.0,0.0,1.0,OLIST-BR,12,9.0,0.0,lgbm_q_recursive_v2
1025f0e2d44d7041d6cf58b6550e0bfa,2018-08-26,0.9999997924696652,0.9999997924696652,4.36408972344925,1.0,OLIST-BR,13,9.0,1.0,lgbm_q_recursive_v2
1025f0e2d44d7041d6cf58b6550e0bfa,2018-08-27,0.0,0.0,0.0,1.0,OLIST-BR,14,5.0,0.0,lgbm_q_recursive_v2
4b9750c8ad28220fe6702d4ecb7c898f,2018-08-14,0.9999997924696652,0.9999997924696652,3.9299639262081154,1.0,OLIST-BR,1,0.0,2.0,lgbm_q_recursive_v2
4b9750c8ad28220fe6702d4ecb7c898f,2018-08-15,0.0,0.0,0.0,1.0,OLIST-BR,2,3.0,0.0,lgbm_q_recursive_v2
4b9750c8ad28220fe6702d4ecb7c898f,2018-08-16,0.9999997924696652,0.9999997924696652,3.560598296081405,1.0,OLIST-BR,3,0.0,5.0,lgbm_q_recursive_v2
4b9750c8ad28220fe6702d4ecb7c898f,2018-08-17,0.9999997924696652,0.9999997924696652,3.3389950761637848,1.0,OLIST-BR,4,0.0,4.0,lgbm_q_recursive_v2
4b9750c8ad28220fe6702d4ecb7c898f,2018-08-18,0.9999997924696652,0.9999997924696652,2.2555122306918154,1.0,OLIST-BR,5,2.0,1.0,lgbm_q_recursive_v2
4b9750c8ad28220fe6702d4ecb7c898f,2018-08-19,0.9999997924696652,0.9999997924696652,3.242955968188475,1.0,OLIST-BR,6,6.0,3.0,lgbm_q_recursive_v2
4b9750c8ad28220fe6702d4ecb7c898f,2018-08-20,0.9999997924696652,0.9999997924696652,3.640019812191501,1.0,OLIST-BR,7,2.0,4.0,lgbm_q_recursive_v2
4b9750c8ad28220fe6702d4ecb7c898f,2018-08-21,0.9999997924696652,0.9999997924696652,2.8015910242962323,1.0,OLIST-BR,8,0.0,4.0,lgbm_q_recursive_v2
4b9750c8ad28220fe6702d4ecb7c898f,2018-08-22,0.9999997924696652,0.9999997924696652,3.0997744026780976,1.0,OLIST-BR,9,3.0,1.0,lgbm_q_recursive_v2
4b9750c8ad28220fe6702d4ecb7c898f,2018-08-23,0.0,0.0,0.0,1.0,OLIST-BR,10,0.0,0.0,lgbm_q_recursive_v2
4b9750c8ad28220fe6702d4ecb7c898f,2018-08-24,0.9999997924696652,0.9999997924696652,2.903966813949143,1.0,OLIST-BR,11,0.0,1.0,lgbm_q_recursive_v2
4b9750c8ad28220fe6702d4ecb7c898f,2018-08-25,0.0,0.0,0.0,1.0,OLIST-BR,12,2.0,0.0,lgbm_q_recursive_v2
4b9750c8ad28220fe6702d4ecb7c898f,2018-08-26,0.9999997924696652,0.9999997924696652,2.244951091752951,1.0,OLIST-BR,13,6.0,1.0,lgbm_q_recursive_v2
4b9750c8ad28220fe6702d4ecb7c898f,2018-08-27,0.9999997924696652,0.9999997924696652,3.299838073340077,1.0,OLIST-BR,14,2.0,1.0,lgbm_q_recursive_v2
cc419e0650a3c5ba77189a1882b7556a,2018-08-14,0.9999997924696652,0.9999997924696652,3.8965519484818314,1.0,OLIST-BR,1,2.0,2.0,lgbm_q_recursive_v2
cc419e0650a3c5ba77189a1882b7556a,2018-08-15,0.9999997924696652,0.9999997924696652,2.213137875906181,1.0,OLIST-BR,2,0.0,1.0,lgbm_q_recursive_v2
cc419e0650a3c5ba77189a1882b7556a,2018-08-16,0.9999997924696652,0.9999997924696652,4.126290929317042,1.0,OLIST-BR,3,0.0,3.0,lgbm_q_recursive_v2
cc419e0650a3c5ba77189a1882b7556a,2018-08-17,0.0,0.0,0.0,1.0,OLIST-BR,4,0.0,0.0,lgbm_q_recursive_v2
cc419e0650a3c5ba77189a1882b7556a,2018-08-18,0.0,0.0,0.0,1.0,OLIST-BR,5,1.0,0.0,lgbm_q_recursive_v2
cc419e0650a3c5ba77189a1882b7556a,2018-08-19,0.0,0.0,0.0,1.0,OLIST-BR,6,1.0,0.0,lgbm_q_recursive_v2
cc419e0650a3c5ba77189a1882b7556a,2018-08-20,0.9999997924696652,0.9999997924696652,3.5428694870667834,1.0,OLIST-BR,7,0.0,1.0,lgbm_q_recursive_v2
cc419e0650a3c5ba77189a1882b7556a,2018-08-21,0.9999997924696652,0.9999997924696652,2.0698476915140462,1.0,OLIST-BR,8,2.0,3.0,lgbm_q_recursive_v2
cc419e0650a3c5ba77189a1882b7556a,2018-08-22,0.9999997924696652,0.9999997924696652,2.060946835270185,1.0,OLIST-BR,9,0.0,1.0,lgbm_q_recursive_v2
cc419e0650a3c5ba77189a1882b7556a,2018-08-23,0.9999997924696652,0.9999997924696652,2.025574433546359,1.0,OLIST-BR,10,0.0,1.0,lgbm_q_recursive_v2
cc419e0650a3c5ba77189a1882b7556a,2018-08-24,0.0,0.0,0.0,1.0,OLIST-BR,11,0.0,0.0,lgbm_q_recursive_v2
cc419e0650a3c5ba77189a1882b7556a,2018-08-25,0.9999997924696652,0.9999997924696652,2.9242345589077834,1.0,OLIST-BR,12,1.0,2.0,lgbm_q_recursive_v2
cc419e0650a3c5ba77189a1882b7556a,2018-08-26,0.9999997924696652,0.9999997924696652,3.14301575473199,1.0,OLIST-BR,13,1.0,1.0,lgbm_q_recursive_v2
cc419e0650a3c5ba77189a1882b7556a,2018-08-27,0.9999997924696652,0.9999997924696652,2.522425691151505,1.0,OLIST-BR,14,0.0,1.0,lgbm_q_recursive_v2
d91fb3b7d041e83b64a00a3edfb37e4f,2018-08-14,0.9999997924696652,0.9999997924696652,4.835767540499727,1.0,OLIST-BR,1,3.0,5.0,lgbm_q_recursive_v2
d91fb3b7d041e83b64a00a3edfb37e4f,2018-08-15,0.9999997924696652,0.9999997924696652,4.523422561118091,1.0,OLIST-BR,2,0.0,3.0,lgbm_q_recursive_v2
d91fb3b7d041e83b64a00a3edfb37e4f,2018-08-16,0.9999997924696652,0.9999997924696652,4.170192181131555,1.0,OLIST-BR,3,0.0,1.0,lgbm_q_recursive_v2
d91fb3b7d041e83b64a00a3edfb37e4f,2018-08-17,0.9999997924696652,0.9999997924696652,3.5067776561121837,1.0,OLIST-BR,4,2.0,3.0,lgbm_q_recursive_v2
d91fb3b7d041e83b64a00a3edfb37e4f,2018-08-18,0.9999997924696652,0.9999997924696652,3.225912638022968,1.0,OLIST-BR,5,1.0,4.0,lgbm_q_recursive_v2
d91fb3b7d041e83b64a00a3edfb37e4f,2018-08-19,0.9999997924696652,0.9999997924696652,3.245377422489655,1.0,OLIST-BR,6,3.0,3.0,lgbm_q_recursive_v2
d91fb3b7d041e83b64a00a3edfb37e4f,2018-08-20,0.0,0.0,0.0,1.0,OLIST-BR,7,4.0,0.0,lgbm_q_recursive_v2
d91fb3b7d041e83b64a00a3edfb37e4f,2018-08-21,0.9999997924696652,0.9999997924696652,3.542103466828388,1.0,OLIST-BR,8,3.0,2.0,lgbm_q_recursive_v2
d91fb3b7d041e83b64a00a3edfb37e4f,2018-08-22,0.9999997924696652,0.9999997924696652,2.110040420049534,1.0,OLIST-BR,9,0.0,1.0,lgbm_q_recursive_v2
d91fb3b7d041e83b64a00a3edfb37e4f,2018-08-23,0.9999997924696652,0.9999997924696652,3.920507107458281,1.0,OLIST-BR,10,0.0,2.0,lgbm_q_recursive_v2
d91fb3b7d041e83b64a00a3edfb37e4f,2018-08-24,0.9999997924696652,0.9999997924696652,3.6268942629792287,1.0,OLIST-BR,11,2.0,2.0,lgbm_q_recursive_v2
d91fb3b7d041e83b64a00a3edfb37e4f,2018-08-25,0.0,0.0,0.0,1.0,OLIST-BR,12,1.0,0.0,lgbm_q_recursive_v2
d91fb3b7d041e83b64a00a3edfb37e4f,2018-08-26,0.0,0.0,0.0,1.0,OLIST-BR,13,3.0,0.0,lgbm_q_recursive_v2
d91fb3b7d041e83b64a00a3edfb37e4f,2018-08-27,0.0,0.0,0.0,1.0,OLIST-BR,14,4.0,0.0,lgbm_q_recursive_v2
671585f5a2af58b6e276bc01003c0d2b,2018-08-14,0.9999997924696652,0.9999997924696652,2.211844873283089,0.329,OLIST-BR,1,0.0,2.0,lgbm_q_recursive_v2
671585f5a2af58b6e276bc01003c0d2b,2018-08-15,0.9999997924696652,0.9999997924696652,2.149463025848993,0.329,OLIST-BR,2,0.0,2.0,lgbm_q_recursive_v2
671585f5a2af58b6e276bc01003c0d2b,2018-08-16,0.0,0.0,0.0,0.329,OLIST-BR,3,0.0,0.0,lgbm_q_recursive_v2
671585f5a2af58b6e276bc01003c0d2b,2018-08-17,0.9999997924696652,0.9999997924696652,1.9558258970639757,0.329,OLIST-BR,4,0.0,1.0,lgbm_q_recursive_v2
671585f5a2af58b6e276bc01003c0d2b,2018-08-18,0.9999997924696652,0.9999997924696652,2.148597364635521,0.329,OLIST-BR,5,1.0,1.0,lgbm_q_recursive_v2
671585f5a2af58b6e276bc01003c0d2b,2018-08-19,0.9999997924696652,0.9999997924696652,2.1147953960737507,0.329,OLIST-BR,6,0.0,4.0,lgbm_q_recursive_v2
671585f5a2af58b6e276bc01003c0d2b,2018-08-20,0.9999997924696652,0.9999997924696652,2.2198035217716967,0.329,OLIST-BR,7,3.0,1.0,lgbm_q_recursive_v2
671585f5a2af58b6e276bc01003c0d2b,2018-08-21,0.9999997924696652,0.9999997924696652,2.365990908332844,0.329,OLIST-BR,8,0.0,2.0,lgbm_q_recursive_v2
671585f5a2af58b6e276bc01003c0d2b,2018-08-22,0.9999997924696652,0.9999997924696652,2.390820874621157,0.329,OLIST-BR,9,0.0,1.0,lgbm_q_recursive_v2
671585f5a2af58b6e276bc01003c0d2b,2018-08-23,0.9999997924696652,0.9999997924696652,2.311131428803732,0.329,OLIST-BR,10,0.0,1.0,lgbm_q_recursive_v2
671585f5a2af58b6e276bc01003c0d2b,2018-08-24,0.0,0.0,0.0,0.329,OLIST-BR,11,0.0,0.0,lgbm_q_recursive_v2
671585f5a2af58b6e276bc01003c0d2b,2018-08-25,0.9999997924696652,0.9999997924696652,2.204544220945646,0.329,OLIST-BR,12,1.0,1.0,lgbm_q_recursive_v2
671585f5a2af58b6e276bc01003c0d2b,2018-08-26,0.0,0.0,0.0,0.329,OLIST-BR,13,0.0,0.0,lgbm_q_recursive_v2
671585f5a2af58b6e276bc01003c0d2b,2018-08-27,0.0,0.0,0.0,0.329,OLIST-BR,14,3.0,0.0,lgbm_q_recursive_v2
4869f7a5dfa277a7dca6462dcf3b52b2,2018-08-14,0.9999997924696652,0.9999997924696652,6.407616828402644,1.0,OLIST-BR,1,2.0,4.0,lgbm_q_recursive_v2
4869f7a5dfa277a7dca6462dcf3b52b2,2018-08-15,0.9999997924696652,0.9999997924696652,6.02244748324682,1.0,OLIST-BR,2,3.0,4.0,lgbm_q_recursive_v2
4869f7a5dfa277a7dca6462dcf3b52b2,2018-08-16,0.9999997924696652,0.9999997924696652,5.431294185783796,1.0,OLIST-BR,3,3.0,3.0,lgbm_q_recursive_v2
4869f7a5dfa277a7dca6462dcf3b52b2,2018-08-17,0.0,0.0,0.0,1.0,OLIST-BR,4,4.0,0.0,lgbm_q_recursive_v2
4869f7a5dfa277a7dca6462dcf3b52b2,2018-08-18,0.9999997924696652,0.9999997924696652,3.348876629169939,1.0,OLIST-BR,5,3.0,3.0,lgbm_q_recursive_v2
4869f7a5dfa277a7dca6462dcf3b52b2,2018-08-19,0.9999997924696652,0.9999997924696652,3.634476639663284,1.0,OLIST-BR,6,3.0,1.0,lgbm_q_recursive_v2
4869f7a5dfa277a7dca6462dcf3b52b2,2018-08-20,0.9999997924696652,0.9999997924696652,4.9630996709454935,1.0,OLIST-BR,7,4.0,2.0,lgbm_q_recursive_v2
4869f7a5dfa277a7dca6462dcf3b52b2,2018-08-21,0.9999997924696652,0.9999997924696652,4.591723089139553,1.0,OLIST-BR,8,2.0,1.0,lgbm_q_recursive_v2
4869f7a5dfa277a7dca6462dcf3b52b2,2018-08-22,0.9999997924696652,0.9999997924696652,4.575539424726978,1.0,OLIST-BR,9,3.0,4.0,lgbm_q_recursive_v2
4869f7a5dfa277a7dca6462dcf3b52b2,2018-08-23,0.9999997924696652,0.9999997924696652,4.271963068853599,1.0,OLIST-BR,10,3.0,4.0,lgbm_q_recursive_v2
4869f7a5dfa277a7dca6462dcf3b52b2,2018-08-24,0.9999997924696652,0.9999997924696652,4.673929835610664,1.0,OLIST-BR,11,4.0,2.0,lgbm_q_recursive_v2
4869f7a5dfa277a7dca6462dcf3b52b2,2018-08-25,0.0,0.0,0.0,1.0,OLIST-BR,12,3.0,0.0,lgbm_q_recursive_v2
4869f7a5dfa277a7dca6462dcf3b52b2,2018-08-26,0.0,0.0,0.0,1.0,OLIST-BR,13,3.0,0.0,lgbm_q_recursive_v2
4869f7a5dfa277a7dca6462dcf3b52b2,2018-08-27,0.0,0.0,0.0,1.0,OLIST-BR,14,4.0,0.0,lgbm_q_recursive_v2
f8db351d8c4c4c22c6835c19a46f01b0,2018-08-14,0.9999997924696652,0.9999997924696652,3.6597803276727543,1.0,OLIST-BR,1,0.0,3.0,lgbm_q_recursive_v2
f8db351d8c4c4c22c6835c19a46f01b0,2018-08-15,0.9999997924696652,0.9999997924696652,3.816012843960186,1.0,OLIST-BR,2,0.0,3.0,lgbm_q_recursive_v2
f8db351d8c4c4c22c6835c19a46f01b0,2018-08-16,0.9999997924696652,0.9999997924696652,3.650910978896587,1.0,OLIST-BR,3,2.0,2.0,lgbm_q_recursive_v2
f8db351d8c4c4c22c6835c19a46f01b0,2018-08-17,0.9999997924696652,0.9999997924696652,3.5387882317406927,1.0,OLIST-BR,4,0.0,2.0,lgbm_q_recursive_v2
f8db351d8c4c4c22c6835c19a46f01b0,2018-08-18,0.0,0.0,0.0,1.0,OLIST-BR,5,1.0,0.0,lgbm_q_recursive_v2
f8db351d8c4c4c22c6835c19a46f01b0,2018-08-19,0.9999997924696652,0.9999997924696652,2.0766734331562926,1.0,OLIST-BR,6,2.0,3.0,lgbm_q_recursive_v2
f8db351d8c4c4c22c6835c19a46f01b0,2018-08-20,0.9999997924696652,0.9999997924696652,3.902229499747592,1.0,OLIST-BR,7,1.0,3.0,lgbm_q_recursive_v2
f8db351d8c4c4c22c6835c19a46f01b0,2018-08-21,0.9999997924696652,0.9999997924696652,3.0566285443207297,1.0,OLIST-BR,8,0.0,2.0,lgbm_q_recursive_v2
f8db351d8c4c4c22c6835c19a46f01b0,2018-08-22,0.9999997924696652,0.9999997924696652,3.21555469238308,1.0,OLIST-BR,9,0.0,1.0,lgbm_q_recursive_v2
f8db351d8c4c4c22c6835c19a46f01b0,2018-08-23,0.0,0.0,0.0,1.0,OLIST-BR,10,2.0,0.0,lgbm_q_recursive_v2
f8db351d8c4c4c22c6835c19a46f01b0,2018-08-24,0.9999997924696652,0.9999997924696652,3.424547981221218,1.0,OLIST-BR,11,0.0,1.0,lgbm_q_recursive_v2
f8db351d8c4c4c22c6835c19a46f01b0,2018-08-25,0.9999997924696652,0.9999997924696652,2.0098034603375927,1.0,OLIST-BR,12,1.0,1.0,lgbm_q_recursive_v2
f8db351d8c4c4c22c6835c19a46f01b0,2018-08-26,0.0,0.0,0.0,1.0,OLIST-BR,13,2.0,0.0,lgbm_q_recursive_v2
f8db351d8c4c4c22c6835c19a46f01b0,2018-08-27,0.0,0.0,0.0,1.0,OLIST-BR,14,1.0,0.0,lgbm_q_recursive_v2
c003204e1ab016dfa150abc119207b24,2018-08-14,0.9999997924696652,0.9999997924696652,3.479944289611109,1.0,OLIST-BR,1,2.0,3.0,lgbm_q_recursive_v2
c003204e1ab016dfa150abc119207b24,2018-08-15,0.9999997924696652,0.9999997924696652,3.343716014957524,1.0,OLIST-BR,2,1.0,2.0,lgbm_q_recursive_v2
c003204e1ab016dfa150abc119207b24,2018-08-16,0.9999997924696652,0.9999997924696652,3.253464143450712,1.0,OLIST-BR,3,2.0,2.0,lgbm_q_recursive_v2
c003204e1ab016dfa150abc119207b24,2018-08-17,0.0,0.0,0.0,1.0,OLIST-BR,4,2.0,0.0,lgbm_q_recursive_v2
c003204e1ab016dfa150abc119207b24,2018-08-18,0.9999997924696652,0.9999997924696652,2.645509466173517,1.0,OLIST-BR,5,1.0,1.0,lgbm_q_recursive_v2
c003204e1ab016dfa150abc119207b24,2018-08-19,0.9999997924696652,0.9999997924696652,2.6913361156372617,1.0,OLIST-BR,6,1.0,1.0,lgbm_q_recursive_v2
c003204e1ab016dfa150abc119207b24,2018-08-20,0.9999997924696652,0.9999997924696652,3.152951180738741,1.0,OLIST-BR,7,2.0,3.0,lgbm_q_recursive_v2
c003204e1ab016dfa150abc119207b24,2018-08-21,0.0,0.0,0.0,1.0,OLIST-BR,8,2.0,0.0,lgbm_q_recursive_v2
c003204e1ab016dfa150abc119207b24,2018-08-22,0.9999997924696652,0.9999997924696652,2.761724950011528,1.0,OLIST-BR,9,1.0,2.0,lgbm_q_recursive_v2
c003204e1ab016dfa150abc119207b24,2018-08-23,0.9999997924696652,0.9999997924696652,2.856993104333358,1.0,OLIST-BR,10,2.0,2.0,lgbm_q_recursive_v2
c003204e1ab016dfa150abc119207b24,2018-08-24,0.9999997924696652,0.9999997924696652,2.902739595467183,1.0,OLIST-BR,11,2.0,2.0,lgbm_q_recursive_v2
c003204e1ab016dfa150abc119207b24,2018-08-25,0.0,0.0,0.0,1.0,OLIST-BR,12,1.0,0.0,lgbm_q_recursive_v2
c003204e1ab016dfa150abc119207b24,2018-08-26,0.9999997924696652,0.9999997924696652,2.800425020171084,1.0,OLIST-BR,13,1.0,1.0,lgbm_q_recursive_v2
c003204e1ab016dfa150abc119207b24,2018-08-27,0.0,0.0,0.0,1.0,OLIST-BR,14,2.0,0.0,lgbm_q_recursive_v2
c70c1b0d8ca86052f45a432a38b73958,2018-08-14,0.0,0.0,0.0,0.469,OLIST-BR,1,6.0,0.0,lgbm_q_recursive_v2
c70c1b0d8ca86052f45a432a38b73958,2018-08-15,0.0,0.0,0.0,0.469,OLIST-BR,2,2.0,0.0,lgbm_q_recursive_v2
c70c1b0d8ca86052f45a432a38b73958,2018-08-16,0.9999997924696652,0.9999997924696652,5.155391660603399,0.469,OLIST-BR,3,2.0,2.0,lgbm_q_recursive_v2
c70c1b0d8ca86052f45a432a38b73958,2018-08-17,0.9999997924696652,0.9999997924696652,4.587817850717158,0.469,OLIST-BR,4,0.0,1.0,lgbm_q_recursive_v2
c70c1b0d8ca86052f45a432a38b73958,2018-08-18,0.9999997924696652,0.9999997924696652,3.3973208636530257,0.469,OLIST-BR,5,1.0,4.0,lgbm_q_recursive_v2
c70c1b0d8ca86052f45a432a38b73958,2018-08-19,0.0,0.0,0.0,0.469,OLIST-BR,6,1.0,0.0,lgbm_q_recursive_v2
c70c1b0d8ca86052f45a432a38b73958,2018-08-20,0.9999997924696652,0.9999997924696652,5.113251002899597,0.469,OLIST-BR,7,3.0,4.0,lgbm_q_recursive_v2
c70c1b0d8ca86052f45a432a38b73958,2018-08-21,0.9999997924696652,0.9999997924696652,3.5035706586891893,0.469,OLIST-BR,8,6.0,2.0,lgbm_q_recursive_v2
c70c1b0d8ca86052f45a432a38b73958,2018-08-22,0.9999997924696652,0.9999997924696652,2.975424775537944,0.469,OLIST-BR,9,2.0,1.0,lgbm_q_recursive_v2
c70c1b0d8ca86052f45a432a38b73958,2018-08-23,0.9999997924696652,0.9999997924696652,3.1886207181517614,0.469,OLIST-BR,10,2.0,4.0,lgbm_q_recursive_v2
c70c1b0d8ca86052f45a432a38b73958,2018-08-24,0.0,0.0,0.0,0.469,OLIST-BR,11,0.0,0.0,lgbm_q_recursive_v2
c70c1b0d8ca86052f45a432a38b73958,2018-08-25,0.9999997924696652,0.9999997924696652,2.2187161452231816,0.469,OLIST-BR,12,1.0,1.0,lgbm_q_recursive_v2
c70c1b0d8ca86052f45a432a38b73958,2018-08-26,0.9999997924696652,0.9999997924696652,2.3397907032855976,0.469,OLIST-BR,13,1.0,1.0,lgbm_q_recursive_v2
c70c1b0d8ca86052f45a432a38b73958,2018-08-27,0.0,0.0,0.0,0.469,OLIST-BR,14,3.0,0.0,lgbm_q_recursive_v2
8d956fec2e4337affcb520f56fd8cbfd,2018-08-14,0.9999997924696652,0.9999997924696652,4.244319157403858,0.472,OLIST-BR,1,0.0,5.0,lgbm_q_recursive_v2
8d956fec2e4337affcb520f56fd8cbfd,2018-08-15,0.9999997924696652,0.9999997924696652,3.61901328639822,0.472,OLIST-BR,2,2.0,2.0,lgbm_q_recursive_v2
8d956fec2e4337affcb520f56fd8cbfd,2018-08-16,0.9999997924696652,0.9999997924696652,3.634007462968332,0.472,OLIST-BR,3,0.0,4.0,lgbm_q_recursive_v2
8d956fec2e4337affcb520f56fd8cbfd,2018-08-17,0.9999997924696652,0.9999997924696652,2.159668270300622,0.472,OLIST-BR,4,2.0,1.0,lgbm_q_recursive_v2
8d956fec2e4337affcb520f56fd8cbfd,2018-08-18,0.9999997924696652,0.9999997924696652,2.264883658771676,0.472,OLIST-BR,5,2.0,1.0,lgbm_q_recursive_v2
8d956fec2e4337affcb520f56fd8cbfd,2018-08-19,0.0,0.0,0.0,0.472,OLIST-BR,6,0.0,0.0,lgbm_q_recursive_v2
8d956fec2e4337affcb520f56fd8cbfd,2018-08-20,0.9999997924696652,0.9999997924696652,2.229808078816395,0.472,OLIST-BR,7,1.0,1.0,lgbm_q_recursive_v2
8d956fec2e4337affcb520f56fd8cbfd,2018-08-21,0.9999997924696652,0.9999997924696652,3.556865587398289,0.472,OLIST-BR,8,0.0,3.0,lgbm_q_recursive_v2
8d956fec2e4337affcb520f56fd8cbfd,2018-08-22,0.0,0.0,0.0,0.472,OLIST-BR,9,2.0,0.0,lgbm_q_recursive_v2
8d956fec2e4337affcb520f56fd8cbfd,2018-08-23,0.0,0.0,0.0,0.472,OLIST-BR,10,0.0,0.0,lgbm_q_recursive_v2
8d956fec2e4337affcb520f56fd8cbfd,2018-08-24,0.9999997924696652,0.9999997924696652,2.2799498192198966,0.472,OLIST-BR,11,2.0,1.0,lgbm_q_recursive_v2
8d956fec2e4337affcb520f56fd8cbfd,2018-08-25,0.0,0.0,0.0,0.472,OLIST-BR,12,2.0,0.0,lgbm_q_recursive_v2
8d956fec2e4337affcb520f56fd8cbfd,2018-08-26,0.9999997924696652,0.9999997924696652,2.490881395948444,0.472,OLIST-BR,13,0.0,1.0,lgbm_q_recursive_v2
8d956fec2e4337affcb520f56fd8cbfd,2018-08-27,0.0,0.0,0.0,0.472,OLIST-BR,14,1.0,0.0,lgbm_q_recursive_v2
81f89e42267213cb94da7ddc301651da,2018-08-14,0.9999997924696652,0.9999997924696652,3.89802142160667,0.442,OLIST-BR,1,5.0,4.0,lgbm_q_recursive_v2
81f89e42267213cb94da7ddc301651da,2018-08-15,0.9999997924696652,0.9999997924696652,3.9103869630769754,0.442,OLIST-BR,2,3.0,6.0,lgbm_q_recursive_v2
81f89e42267213cb94da7ddc301651da,2018-08-16,0.0,0.0,0.0,0.442,OLIST-BR,3,3.0,0.0,lgbm_q_recursive_v2
81f89e42267213cb94da7ddc301651da,2018-08-17,0.0,0.0,0.0,0.442,OLIST-BR,4,3.0,0.0,lgbm_q_recursive_v2
81f89e42267213cb94da7ddc301651da,2018-08-18,0.0,0.0,0.0,0.442,OLIST-BR,5,0.0,0.0,lgbm_q_recursive_v2
81f89e42267213cb94da7ddc301651da,2018-08-19,0.0,0.0,0.0,0.442,OLIST-BR,6,2.0,0.0,lgbm_q_recursive_v2
81f89e42267213cb94da7ddc301651da,2018-08-20,0.9999997924696652,0.9999997924696652,2.559320403995865,0.442,OLIST-BR,7,0.0,1.0,lgbm_q_recursive_v2
81f89e42267213cb94da7ddc301651da,2018-08-21,0.9999997924696652,0.9999997924696652,2.493385678169066,0.442,OLIST-BR,8,5.0,6.0,lgbm_q_recursive_v2
81f89e42267213cb94da7ddc301651da,2018-08-22,0.9999997924696652,0.9999997924696652,2.5138756194567096,0.442,OLIST-BR,9,3.0,4.0,lgbm_q_recursive_v2
81f89e42267213cb94da7ddc301651da,2018-08-23,0.9999997924696652,0.9999997924696652,2.771227060466025,0.442,OLIST-BR,10,3.0,6.0,lgbm_q_recursive_v2
81f89e42267213cb94da7ddc301651da,2018-08-24,0.9999997924696652,0.9999997924696652,2.9123672984054267,0.442,OLIST-BR,11,3.0,6.0,lgbm_q_recursive_v2
81f89e42267213cb94da7ddc301651da,2018-08-25,0.0,0.0,0.0,0.442,OLIST-BR,12,0.0,0.0,lgbm_q_recursive_v2
81f89e42267213cb94da7ddc301651da,2018-08-26,0.9999997924696652,0.9999997924696652,2.3871914330971653,0.442,OLIST-BR,13,2.0,2.0,lgbm_q_recursive_v2
81f89e42267213cb94da7ddc301651da,2018-08-27,0.9999997924696652,0.9999997924696652,2.674174788113075,0.442,OLIST-BR,14,0.0,1.0,lgbm_q_recursive_v2
ea8482cd71df3c1969d7b9473ff13abc,2018-08-14,0.0,0.0,0.0,1.0,OLIST-BR,1,1.0,0.0,lgbm_q_recursive_v2
ea8482cd71df3c1969d7b9473ff13abc,2018-08-15,0.9999997924696652,0.9999997924696652,4.346871967547404,1.0,OLIST-BR,2,1.0,1.0,lgbm_q_recursive_v2
ea8482cd71df3c1969d7b9473ff13abc,2018-08-16,0.9999997924696652,0.9999997924696652,3.6869228860509926,1.0,OLIST-BR,3,1.0,4.0,lgbm_q_recursive_v2
ea8482cd71df3c1969d7b9473ff13abc,2018-08-17,0.9999997924696652,0.9999997924696652,3.688104228791431,1.0,OLIST-BR,4,0.0,2.0,lgbm_q_recursive_v2
ea8482cd71df3c1969d7b9473ff13abc,2018-08-18,0.9999997924696652,0.9999997924696652,3.2567659249737977,1.0,OLIST-BR,5,3.0,2.0,lgbm_q_recursive_v2
ea8482cd71df3c1969d7b9473ff13abc,2018-08-19,0.9999997924696652,0.9999997924696652,2.9231533041401687,1.0,OLIST-BR,6,1.0,3.0,lgbm_q_recursive_v2
ea8482cd71df3c1969d7b9473ff13abc,2018-08-20,0.9999997924696652,0.9999997924696652,3.9748539871174566,1.0,OLIST-BR,7,2.0,2.0,lgbm_q_recursive_v2
ea8482cd71df3c1969d7b9473ff13abc,2018-08-21,0.9999997924696652,0.9999997924696652,3.8515893570463247,1.0,OLIST-BR,8,1.0,1.0,lgbm_q_recursive_v2
ea8482cd71df3c1969d7b9473ff13abc,2018-08-22,0.0,0.0,0.0,1.0,OLIST-BR,9,1.0,0.0,lgbm_q_recursive_v2
ea8482cd71df3c1969d7b9473ff13abc,2018-08-23,0.9999997924696652,0.9999997924696652,1.9221507846343768,1.0,OLIST-BR,10,1.0,1.0,lgbm_q_recursive_v2
ea8482cd71df3c1969d7b9473ff13abc,2018-08-24,0.9999997924696652,0.9999997924696652,2.0625748675545905,1.0,OLIST-BR,11,0.0,1.0,lgbm_q_recursive_v2
ea8482cd71df3c1969d7b9473ff13abc,2018-08-25,0.0,0.0,0.0,1.0,OLIST-BR,12,3.0,0.0,lgbm_q_recursive_v2
ea8482cd71df3c1969d7b9473ff13abc,2018-08-26,0.0,0.0,0.0,1.0,OLIST-BR,13,1.0,0.0,lgbm_q_recursive_v2
ea8482cd71df3c1969d7b9473ff13abc,2018-08-27,0.0,0.0,0.0,1.0,OLIST-BR,14,2.0,0.0,lgbm_q_recursive_v2
f80edd2c5aaa505cc4b0a3b219abf4b8,2018-08-14,0.9999997924696652,0.9999997924696652,2.6063533760816044,1.0,OLIST-BR,1,0.0,1.0,lgbm_q_recursive_v2
f80edd2c5aaa505cc4b0a3b219abf4b8,2018-08-15,0.9999997924696652,0.9999997924696652,2.545575664233349,1.0,OLIST-BR,2,1.0,3.0,lgbm_q_recursive_v2
f80edd2c5aaa505cc4b0a3b219abf4b8,2018-08-16,0.0,0.0,0.0,1.0,OLIST-BR,3,1.0,0.0,lgbm_q_recursive_v2
f80edd2c5aaa505cc4b0a3b219abf4b8,2018-08-17,0.9999997924696652,0.9999997924696652,2.410176221095227,1.0,OLIST-BR,4,0.0,1.0,lgbm_q_recursive_v2
f80edd2c5aaa505cc4b0a3b219abf4b8,2018-08-18,0.9999997924696652,0.9999997924696652,2.116067646801273,1.0,OLIST-BR,5,0.0,1.0,lgbm_q_recursive_v2
f80edd2c5aaa505cc4b0a3b219abf4b8,2018-08-19,0.9999997924696652,0.9999997924696652,2.270919977442601,1.0,OLIST-BR,6,1.0,1.0,lgbm_q_recursive_v2
f80edd2c5aaa505cc4b0a3b219abf4b8,2018-08-20,0.0,0.0,0.0,1.0,OLIST-BR,7,0.0,0.0,lgbm_q_recursive_v2
f80edd2c5aaa505cc4b0a3b219abf4b8,2018-08-21,0.0,0.0,0.0,1.0,OLIST-BR,8,0.0,0.0,lgbm_q_recursive_v2
f80edd2c5aaa505cc4b0a3b219abf4b8,2018-08-22,0.9999997924696652,0.9999997924696652,2.1852370362191893,1.0,OLIST-BR,9,1.0,1.0,lgbm_q_recursive_v2
f80edd2c5aaa505cc4b0a3b219abf4b8,2018-08-23,0.9999997924696652,0.9999997924696652,2.794801056491984,1.0,OLIST-BR,10,1.0,1.0,lgbm_q_recursive_v2
f80edd2c5aaa505cc4b0a3b219abf4b8,2018-08-24,0.0,0.0,0.0,1.0,OLIST-BR,11,0.0,0.0,lgbm_q_recursive_v2
f80edd2c5aaa505cc4b0a3b219abf4b8,2018-08-25,0.0,0.0,0.0,1.0,OLIST-BR,12,0.0,0.0,lgbm_q_recursive_v2
f80edd2c5aaa505cc4b0a3b219abf4b8,2018-08-26,0.9999997924696652,0.9999997924696652,2.2490120732122283,1.0,OLIST-BR,13,1.0,1.0,lgbm_q_recursive_v2
f80edd2c5aaa505cc4b0a3b219abf4b8,2018-08-27,0.9999997924696652,0.9999997924696652,2.741779416498207,1.0,OLIST-BR,14,0.0,1.0,lgbm_q_recursive_v2
06a2c3af7b3aee5d69171b0e14f0ee87,2018-08-14,0.9999997924696652,0.9999997924696652,7.686067259086666,1.0,OLIST-BR,1,6.0,5.0,lgbm_q_recursive_v2
06a2c3af7b3aee5d69171b0e14f0ee87,2018-08-15,0.9999997924696652,0.9999997924696652,5.408958206396163,1.0,OLIST-BR,2,1.0,3.0,lgbm_q_recursive_v2
06a2c3af7b3aee5d69171b0e14f0ee87,2018-08-16,0.9999997924696652,0.9999997924696652,5.2425386208671725,1.0,OLIST-BR,3,3.0,7.0,lgbm_q_recursive_v2
06a2c3af7b3aee5d69171b0e14f0ee87,2018-08-17,0.9999997924696652,0.9999997924696652,4.741314315255433,1.0,OLIST-BR,4,2.0,6.0,lgbm_q_recursive_v2
06a2c3af7b3aee5d69171b0e14f0ee87,2018-08-18,0.9999997924696652,0.9999997924696652,4.053575555136296,1.0,OLIST-BR,5,5.0,1.0,lgbm_q_recursive_v2
06a2c3af7b3aee5d69171b0e14f0ee87,2018-08-19,0.9999997924696652,0.9999997924696652,3.6973916701758154,1.0,OLIST-BR,6,1.0,6.0,lgbm_q_recursive_v2
06a2c3af7b3aee5d69171b0e14f0ee87,2018-08-20,0.9999997924696652,0.9999997924696652,4.77917510569356,1.0,OLIST-BR,7,5.0,1.0,lgbm_q_recursive_v2
06a2c3af7b3aee5d69171b0e14f0ee87,2018-08-21,0.9999997924696652,0.9999997924696652,4.081819851640064,1.0,OLIST-BR,8,6.0,4.0,lgbm_q_recursive_v2
06a2c3af7b3aee5d69171b0e14f0ee87,2018-08-22,0.9999997924696652,0.9999997924696652,4.040655929791216,1.0,OLIST-BR,9,1.0,2.0,lgbm_q_recursive_v2
06a2c3af7b3aee5d69171b0e14f0ee87,2018-08-23,0.0,0.0,0.0,1.0,OLIST-BR,10,3.0,0.0,lgbm_q_recursive_v2
06a2c3af7b3aee5d69171b0e14f0ee87,2018-08-24,0.0,0.0,0.0,1.0,OLIST-BR,11,2.0,0.0,lgbm_q_recursive_v2
06a2c3af7b3aee5d69171b0e14f0ee87,2018-08-25,0.0,0.0,0.0,1.0,OLIST-BR,12,5.0,0.0,lgbm_q_recursive_v2
06a2c3af7b3aee5d69171b0e14f0ee87,2018-08-26,0.0,0.0,0.0,1.0,OLIST-BR,13,1.0,0.0,lgbm_q_recursive_v2
06a2c3af7b3aee5d69171b0e14f0ee87,2018-08-27,0.0,0.0,0.0,1.0,OLIST-BR,14,5.0,0.0,lgbm_q_recursive_v2
7ad32824caee82087b3e2e5f33b1bf32,2018-08-14,0.9999997924696652,0.9999997924696652,3.143081697137649,1.0,OLIST-BR,1,2.0,2.0,lgbm_q_recursive_v2
7ad32824caee82087b3e2e5f33b1bf32,2018-08-15,0.9999997924696652,0.9999997924696652,3.243610604933627,1.0,OLIST-BR,2,1.0,2.0,lgbm_q_recursive_v2
7ad32824caee82087b3e2e5f33b1bf32,2018-08-16,0.0,0.0,0.0,1.0,OLIST-BR,3,1.0,0.0,lgbm_q_recursive_v2
7ad32824caee82087b3e2e5f33b1bf32,2018-08-17,0.9999997924696652,0.9999997924696652,2.8865722963394727,1.0,OLIST-BR,4,1.0,1.0,lgbm_q_recursive_v2
7ad32824caee82087b3e2e5f33b1bf32,2018-08-18,0.9999997924696652,0.9999997924696652,2.6651462849273533,1.0,OLIST-BR,5,0.0,4.0,lgbm_q_recursive_v2
7ad32824caee82087b3e2e5f33b1bf32,2018-08-19,0.9999997924696652,0.9999997924696652,2.6894315583456168,1.0,OLIST-BR,6,2.0,2.0,lgbm_q_recursive_v2
7ad32824caee82087b3e2e5f33b1bf32,2018-08-20,0.9999997924696652,0.9999997924696652,3.1310352972376645,1.0,OLIST-BR,7,0.0,3.0,lgbm_q_recursive_v2
7ad32824caee82087b3e2e5f33b1bf32,2018-08-21,0.9999997924696652,0.9999997924696652,3.101533938072555,1.0,OLIST-BR,8,2.0,2.0,lgbm_q_recursive_v2
7ad32824caee82087b3e2e5f33b1bf32,2018-08-22,0.0,0.0,0.0,1.0,OLIST-BR,9,1.0,0.0,lgbm_q_recursive_v2
7ad32824caee82087b3e2e5f33b1bf32,2018-08-23,0.0,0.0,0.0,1.0,OLIST-BR,10,1.0,0.0,lgbm_q_recursive_v2
7ad32824caee82087b3e2e5f33b1bf32,2018-08-24,0.0,0.0,0.0,1.0,OLIST-BR,11,1.0,0.0,lgbm_q_recursive_v2
7ad32824caee82087b3e2e5f33b1bf32,2018-08-25,0.9999997924696652,0.9999997924696652,2.352706015174048,1.0,OLIST-BR,12,0.0,1.0,lgbm_q_recursive_v2
7ad32824caee82087b3e2e5f33b1bf32,2018-08-26,0.0,0.0,0.0,1.0,OLIST-BR,13,2.0,0.0,lgbm_q_recursive_v2
7ad32824caee82087b3e2e5f33b1bf32,2018-08-27,0.9999997924696652,0.9999997924696652,2.915745931130912,1.0,OLIST-BR,14,0.0,1.0,lgbm_q_recursive_v2
3d871de0142ce09b7081e2b9d1733cb1,2018-08-14,0.0,0.0,0.0,1.0,OLIST-BR,1,1.0,0.0,lgbm_q_recursive_v2
3d871de0142ce09b7081e2b9d1733cb1,2018-08-15,0.9999997924696652,0.9999997924696652,3.686081621341688,1.0,OLIST-BR,2,2.0,3.0,lgbm_q_recursive_v2
3d871de0142ce09b7081e2b9d1733cb1,2018-08-16,0.0,0.0,0.0,1.0,OLIST-BR,3,0.0,0.0,lgbm_q_recursive_v2
3d871de0142ce09b7081e2b9d1733cb1,2018-08-17,0.9999997924696652,0.9999997924696652,3.5268105452279315,1.0,OLIST-BR,4,1.0,1.0,lgbm_q_recursive_v2
3d871de0142ce09b7081e2b9d1733cb1,2018-08-18,0.0,0.0,0.0,1.0,OLIST-BR,5,0.0,0.0,lgbm_q_recursive_v2
3d871de0142ce09b7081e2b9d1733cb1,2018-08-19,0.9999997924696652,0.9999997924696652,3.1575847383144566,1.0,OLIST-BR,6,1.0,1.0,lgbm_q_recursive_v2
3d871de0142ce09b7081e2b9d1733cb1,2018-08-20,0.9999997924696652,0.9999997924696652,3.6069480992345166,1.0,OLIST-BR,7,2.0,2.0,lgbm_q_recursive_v2
3d871de0142ce09b7081e2b9d1733cb1,2018-08-21,0.9999997924696652,0.9999997924696652,2.965141973559043,1.0,OLIST-BR,8,1.0,1.0,lgbm_q_recursive_v2
3d871de0142ce09b7081e2b9d1733cb1,2018-08-22,0.9999997924696652,0.9999997924696652,3.546331822893771,1.0,OLIST-BR,9,2.0,3.0,lgbm_q_recursive_v2
3d871de0142ce09b7081e2b9d1733cb1,2018-08-23,0.9999997924696652,0.9999997924696652,3.2682956628482134,1.0,OLIST-BR,10,0.0,1.0,lgbm_q_recursive_v2
3d871de0142ce09b7081e2b9d1733cb1,2018-08-24,0.0,0.0,0.0,1.0,OLIST-BR,11,1.0,0.0,lgbm_q_recursive_v2
3d871de0142ce09b7081e2b9d1733cb1,2018-08-25,0.9999997924696652,0.9999997924696652,2.723318309070329,1.0,OLIST-BR,12,0.0,1.0,lgbm_q_recursive_v2
3d871de0142ce09b7081e2b9d1733cb1,2018-08-26,0.9999997924696652,0.9999997924696652,2.8780826421684287,1.0,OLIST-BR,13,1.0,2.0,lgbm_q_recursive_v2
3d871de0142ce09b7081e2b9d1733cb1,2018-08-27,0.0,0.0,0.0,1.0,OLIST-BR,14,2.0,0.0,lgbm_q_recursive_v2
289cdb325fb7e7f891c38608bf9e0962,2018-08-14,0.0,0.0,0.0,0.447,OLIST-BR,1,2.0,0.0,lgbm_q_recursive_v2
289cdb325fb7e7f891c38608bf9e0962,2018-08-15,0.9999997924696652,0.9999997924696652,4.042129276448349,0.447,OLIST-BR,2,2.0,1.0,lgbm_q_recursive_v2
289cdb325fb7e7f891c38608bf9e0962,2018-08-16,0.9999997924696652,0.9999997924696652,4.086396238903942,0.447,OLIST-BR,3,3.0,1.0,lgbm_q_recursive_v2
289cdb325fb7e7f891c38608bf9e0962,2018-08-17,0.9999997924696652,0.9999997924696652,3.890107472982928,0.447,OLIST-BR,4,0.0,1.0,lgbm_q_recursive_v2
289cdb325fb7e7f891c38608bf9e0962,2018-08-18,0.9999997924696652,0.9999997924696652,3.2382810282351784,0.447,OLIST-BR,5,2.0,2.0,lgbm_q_recursive_v2
289cdb325fb7e7f891c38608bf9e0962,2018-08-19,0.9999997924696652,0.9999997924696652,2.914246442904181,0.447,OLIST-BR,6,1.0,1.0,lgbm_q_recursive_v2
289cdb325fb7e7f891c38608bf9e0962,2018-08-20,0.9999997924696652,0.9999997924696652,3.760774615633646,0.447,OLIST-BR,7,2.0,5.0,lgbm_q_recursive_v2
289cdb325fb7e7f891c38608bf9e0962,2018-08-21,0.9999997924696652,0.9999997924696652,3.53374806605489,0.447,OLIST-BR,8,2.0,3.0,lgbm_q_recursive_v2
289cdb325fb7e7f891c38608bf9e0962,2018-08-22,0.9999997924696652,0.9999997924696652,3.795755097386877,0.447,OLIST-BR,9,2.0,2.0,lgbm_q_recursive_v2
289cdb325fb7e7f891c38608bf9e0962,2018-08-23,0.0,0.0,0.0,0.447,OLIST-BR,10,3.0,0.0,lgbm_q_recursive_v2
289cdb325fb7e7f891c38608bf9e0962,2018-08-24,0.0,0.0,0.0,0.447,OLIST-BR,11,0.0,0.0,lgbm_q_recursive_v2
289cdb325fb7e7f891c38608bf9e0962,2018-08-25,0.9999997924696652,0.9999997924696652,2.7476199275613102,0.447,OLIST-BR,12,2.0,3.0,lgbm_q_recursive_v2
289cdb325fb7e7f891c38608bf9e0962,2018-08-26,0.0,0.0,0.0,0.447,OLIST-BR,13,1.0,0.0,lgbm_q_recursive_v2
289cdb325fb7e7f891c38608bf9e0962,2018-08-27,0.0,0.0,0.0,0.447,OLIST-BR,14,2.0,0.0,lgbm_q_recursive_v2
640e21a7d01df7614a3b4923e990d40c,2018-08-14,0.9999997924696652,0.9999997924696652,3.759097154055306,0.478,OLIST-BR,1,2.0,1.0,lgbm_q_recursive_v2
640e21a7d01df7614a3b4923e990d40c,2018-08-15,0.9999997924696652,0.9999997924696652,3.676363236349721,0.478,OLIST-BR,2,2.0,2.0,lgbm_q_recursive_v2
640e21a7d01df7614a3b4923e990d40c,2018-08-16,0.9999997924696652,0.9999997924696652,3.53992910597307,0.478,OLIST-BR,3,1.0,6.0,lgbm_q_recursive_v2
640e21a7d01df7614a3b4923e990d40c,2018-08-17,0.0,0.0,0.0,0.478,OLIST-BR,4,0.0,0.0,lgbm_q_recursive_v2
640e21a7d01df7614a3b4923e990d40c,2018-08-18,0.0,0.0,0.0,0.478,OLIST-BR,5,2.0,0.0,lgbm_q_recursive_v2
640e21a7d01df7614a3b4923e990d40c,2018-08-19,0.9999997924696652,0.9999997924696652,2.8811369984395965,0.478,OLIST-BR,6,4.0,1.0,lgbm_q_recursive_v2
640e21a7d01df7614a3b4923e990d40c,2018-08-20,0.0,0.0,0.0,0.478,OLIST-BR,7,0.0,0.0,lgbm_q_recursive_v2
640e21a7d01df7614a3b4923e990d40c,2018-08-21,0.9999997924696652,0.9999997924696652,3.1323209996052723,0.478,OLIST-BR,8,2.0,2.0,lgbm_q_recursive_v2
640e21a7d01df7614a3b4923e990d40c,2018-08-22,0.9999997924696652,0.9999997924696652,3.2487306003265526,0.478,OLIST-BR,9,2.0,2.0,lgbm_q_recursive_v2
640e21a7d01df7614a3b4923e990d40c,2018-08-23,0.9999997924696652,0.9999997924696652,3.2111137741496574,0.478,OLIST-BR,10,1.0,2.0,lgbm_q_recursive_v2
640e21a7d01df7614a3b4923e990d40c,2018-08-24,0.0,0.0,0.0,0.478,OLIST-BR,11,0.0,0.0,lgbm_q_recursive_v2
640e21a7d01df7614a3b4923e990d40c,2018-08-25,0.9999997924696652,0.9999997924696652,2.7014210158589886,0.478,OLIST-BR,12,2.0,1.0,lgbm_q_recursive_v2
640e21a7d01df7614a3b4923e990d40c,2018-08-26,0.0,0.0,0.0,0.478,OLIST-BR,13,4.0,0.0,lgbm_q_recursive_v2
640e21a7d01df7614a3b4923e990d40c,2018-08-27,0.0,0.0,0.0,0.478,OLIST-BR,14,0.0,0.0,lgbm_q_recursive_v2
53e4c6e0f4312d4d2107a8c9cddf45cd,2018-08-14,0.9999997924696652,0.9999997924696652,2.7231240325365684,1.0,OLIST-BR,1,1.0,1.0,lgbm_q_recursive_v2
53e4c6e0f4312d4d2107a8c9cddf45cd,2018-08-15,0.0,0.0,0.0,1.0,OLIST-BR,2,2.0,0.0,lgbm_q_recursive_v2
53e4c6e0f4312d4d2107a8c9cddf45cd,2018-08-16,0.9999997924696652,0.9999997924696652,3.932419540784723,1.0,OLIST-BR,3,1.0,2.0,lgbm_q_recursive_v2
53e4c6e0f4312d4d2107a8c9cddf45cd,2018-08-17,0.9999997924696652,0.9999997924696652,3.426109642678784,1.0,OLIST-BR,4,0.0,2.0,lgbm_q_recursive_v2
53e4c6e0f4312d4d2107a8c9cddf45cd,2018-08-18,0.0,0.0,0.0,1.0,OLIST-BR,5,0.0,0.0,lgbm_q_recursive_v2
53e4c6e0f4312d4d2107a8c9cddf45cd,2018-08-19,0.9999997924696652,0.9999997924696652,2.709270438274245,1.0,OLIST-BR,6,2.0,1.0,lgbm_q_recursive_v2
53e4c6e0f4312d4d2107a8c9cddf45cd,2018-08-20,0.9999997924696652,0.9999997924696652,3.32547665868444,1.0,OLIST-BR,7,2.0,1.0,lgbm_q_recursive_v2
53e4c6e0f4312d4d2107a8c9cddf45cd,2018-08-21,0.9999997924696652,0.9999997924696652,3.1397376708318125,1.0,OLIST-BR,8,1.0,1.0,lgbm_q_recursive_v2
53e4c6e0f4312d4d2107a8c9cddf45cd,2018-08-22,0.9999997924696652,0.9999997924696652,3.284918373973059,1.0,OLIST-BR,9,2.0,3.0,lgbm_q_recursive_v2
53e4c6e0f4312d4d2107a8c9cddf45cd,2018-08-23,0.0,0.0,0.0,1.0,OLIST-BR,10,1.0,0.0,lgbm_q_recursive_v2
53e4c6e0f4312d4d2107a8c9cddf45cd,2018-08-24,0.0,0.0,0.0,1.0,OLIST-BR,11,0.0,0.0,lgbm_q_recursive_v2
53e4c6e0f4312d4d2107a8c9cddf45cd,2018-08-25,0.0,0.0,0.0,1.0,OLIST-BR,12,0.0,0.0,lgbm_q_recursive_v2
53e4c6e0f4312d4d2107a8c9cddf45cd,2018-08-26,0.0,0.0,0.0,1.0,OLIST-BR,13,2.0,0.0,lgbm_q_recursive_v2
53e4c6e0f4312d4d2107a8c9cddf45cd,2018-08-27,0.9999997924696652,0.9999997924696652,2.925401341558577,1.0,OLIST-BR,14,2.0,1.0,lgbm_q_recursive_v2
6860153b69cc696d5dcfe1cdaaafcf62,2018-08-14,0.9999997924696652,0.9999997924696652,2.327365692359828,0.479,OLIST-BR,1,1.0,1.0,lgbm_q_recursive_v2
6860153b69cc696d5dcfe1cdaaafcf62,2018-08-15,0.9999997924696652,0.9999997924696652,2.3635337348060035,0.479,OLIST-BR,2,0.0,2.0,lgbm_q_recursive_v2
6860153b69cc696d5dcfe1cdaaafcf62,2018-08-16,0.9999997924696652,0.9999997924696652,2.406205049194757,0.479,OLIST-BR,3,0.0,2.0,lgbm_q_recursive_v2
6860153b69cc696d5dcfe1cdaaafcf62,2018-08-17,0.9999997924696652,0.9999997924696652,2.5130514434394047,0.479,OLIST-BR,4,0.0,2.0,lgbm_q_recursive_v2
6860153b69cc696d5dcfe1cdaaafcf62,2018-08-18,0.9999997924696652,0.9999997924696652,2.236936983146604,0.479,OLIST-BR,5,0.0,2.0,lgbm_q_recursive_v2
6860153b69cc696d5dcfe1cdaaafcf62,2018-08-19,0.0,0.0,0.0,0.479,OLIST-BR,6,0.0,0.0,lgbm_q_recursive_v2
6860153b69cc696d5dcfe1cdaaafcf62,2018-08-20,0.9999997924696652,0.9999997924696652,2.4356676786620843,0.479,OLIST-BR,7,1.0,1.0,lgbm_q_recursive_v2
6860153b69cc696d5dcfe1cdaaafcf62,2018-08-21,0.9999997924696652,0.9999997924696652,2.517070523265259,0.479,OLIST-BR,8,1.0,1.0,lgbm_q_recursive_v2
6860153b69cc696d5dcfe1cdaaafcf62,2018-08-22,0.0,0.0,0.0,0.479,OLIST-BR,9,0.0,0.0,lgbm_q_recursive_v2
6860153b69cc696d5dcfe1cdaaafcf62,2018-08-23,0.0,0.0,0.0,0.479,OLIST-BR,10,0.0,0.0,lgbm_q_recursive_v2
6860153b69cc696d5dcfe1cdaaafcf62,2018-08-24,0.9999997924696652,0.9999997924696652,2.360945893988335,0.479,OLIST-BR,11,0.0,1.0,lgbm_q_recursive_v2
6860153b69cc696d5dcfe1cdaaafcf62,2018-08-25,0.0,0.0,0.0,0.479,OLIST-BR,12,0.0,0.0,lgbm_q_recursive_v2
6860153b69cc696d5dcfe1cdaaafcf62,2018-08-26,0.0,0.0,0.0,0.479,OLIST-BR,13,0.0,0.0,lgbm_q_recursive_v2
6860153b69cc696d5dcfe1cdaaafcf62,2018-08-27,0.0,0.0,0.0,0.479,OLIST-BR,14,1.0,0.0,lgbm_q_recursive_v2
1835b56ce799e6a4dc4eddc053f04066,2018-08-14,0.9999997924696652,0.9999997924696652,5.200609285536961,1.0,OLIST-BR,1,3.0,1.0,lgbm_q_recursive_v2
1835b56ce799e6a4dc4eddc053f04066,2018-08-15,0.9999997924696652,0.9999997924696652,5.041972580321716,1.0,OLIST-BR,2,0.0,2.0,lgbm_q_recursive_v2
1835b56ce799e6a4dc4eddc053f04066,2018-08-16,0.9999997924696652,0.9999997924696652,4.850232129814384,1.0,OLIST-BR,3,4.0,2.0,lgbm_q_recursive_v2
1835b56ce799e6a4dc4eddc053f04066,2018-08-17,0.0,0.0,0.0,1.0,OLIST-BR,4,3.0,0.0,lgbm_q_recursive_v2
1835b56ce799e6a4dc4eddc053f04066,2018-08-18,0.0,0.0,0.0,1.0,OLIST-BR,5,4.0,0.0,lgbm_q_recursive_v2
1835b56ce799e6a4dc4eddc053f04066,2018-08-19,0.0,0.0,0.0,1.0,OLIST-BR,6,3.0,0.0,lgbm_q_recursive_v2
1835b56ce799e6a4dc4eddc053f04066,2018-08-20,0.9999997924696652,0.9999997924696652,3.804886687776743,1.0,OLIST-BR,7,3.0,1.0,lgbm_q_recursive_v2
1835b56ce799e6a4dc4eddc053f04066,2018-08-21,0.9999997924696652,0.9999997924696652,4.306584125626935,1.0,OLIST-BR,8,3.0,1.0,lgbm_q_recursive_v2
1835b56ce799e6a4dc4eddc053f04066,2018-08-22,0.0,0.0,0.0,1.0,OLIST-BR,9,0.0,0.0,lgbm_q_recursive_v2
1835b56ce799e6a4dc4eddc053f04066,2018-08-23,0.9999997924696652,0.9999997924696652,2.6099314762103565,1.0,OLIST-BR,10,4.0,4.0,lgbm_q_recursive_v2
1835b56ce799e6a4dc4eddc053f04066,2018-08-24,0.9999997924696652,0.9999997924696652,2.264438307820376,1.0,OLIST-BR,11,3.0,1.0,lgbm_q_recursive_v2
1835b56ce799e6a4dc4eddc053f04066,2018-08-25,0.9999997924696652,0.9999997924696652,3.282925762731361,1.0,OLIST-BR,12,4.0,1.0,lgbm_q_recursive_v2
1835b56ce799e6a4dc4eddc053f04066,2018-08-26,0.0,0.0,0.0,1.0,OLIST-BR,13,3.0,0.0,lgbm_q_recursive_v2
1835b56ce799e6a4dc4eddc053f04066,2018-08-27,0.0,0.0,0.0,1.0,OLIST-BR,14,3.0,0.0,lgbm_q_recursive_v2
cc63f0dd2acba93ffed4fe9f8e0321fa,2018-08-14,0.9999997924696652,0.9999997924696652,2.9173701823159357,0.44,OLIST-BR,1,0.0,1.0,lgbm_q_recursive_v2
cc63f0dd2acba93ffed4fe9f8e0321fa,2018-08-15,0.9999997924696652,0.9999997924696652,2.96587170305765,0.44,OLIST-BR,2,1.0,1.0,lgbm_q_recursive_v2
cc63f0dd2acba93ffed4fe9f8e0321fa,2018-08-16,0.9999997924696652,0.9999997924696652,2.9610630860237643,0.44,OLIST-BR,3,0.0,1.0,lgbm_q_recursive_v2
cc63f0dd2acba93ffed4fe9f8e0321fa,2018-08-17,0.0,0.0,0.0,0.44,OLIST-BR,4,2.0,0.0,lgbm_q_recursive_v2
cc63f0dd2acba93ffed4fe9f8e0321fa,2018-08-18,0.0,0.0,0.0,0.44,OLIST-BR,5,0.0,0.0,lgbm_q_recursive_v2
cc63f0dd2acba93ffed4fe9f8e0321fa,2018-08-19,0.9999997924696652,0.9999997924696652,2.6650364285777672,0.44,OLIST-BR,6,0.0,2.0,lgbm_q_recursive_v2
cc63f0dd2acba93ffed4fe9f8e0321fa,2018-08-20,0.9999997924696652,0.9999997924696652,3.087385334308269,0.44,OLIST-BR,7,1.0,1.0,lgbm_q_recursive_v2
cc63f0dd2acba93ffed4fe9f8e0321fa,2018-08-21,0.9999997924696652,0.9999997924696652,3.062521959556264,0.44,OLIST-BR,8,0.0,1.0,lgbm_q_recursive_v2
cc63f0dd2acba93ffed4fe9f8e0321fa,2018-08-22,0.9999997924696652,0.9999997924696652,2.9023292617077696,0.44,OLIST-BR,9,1.0,1.0,lgbm_q_recursive_v2
cc63f0dd2acba93ffed4fe9f8e0321fa,2018-08-23,0.0,0.0,0.0,0.44,OLIST-BR,10,0.0,0.0,lgbm_q_recursive_v2
cc63f0dd2acba93ffed4fe9f8e0321fa,2018-08-24,0.9999997924696652,0.9999997924696652,2.8611838580793623,0.44,OLIST-BR,11,2.0,2.0,lgbm_q_recursive_v2
cc63f0dd2acba93ffed4fe9f8e0321fa,2018-08-25,0.0,0.0,0.0,0.44,OLIST-BR,12,0.0,0.0,lgbm_q_recursive_v2
cc63f0dd2acba93ffed4fe9f8e0321fa,2018-08-26,0.0,0.0,0.0,0.44,OLIST-BR,13,0.0,0.0,lgbm_q_recursive_v2
cc63f0dd2acba93ffed4fe9f8e0321fa,2018-08-27,0.0,0.0,0.0,0.44,OLIST-BR,14,1.0,0.0,lgbm_q_recursive_v2
1f50f920176fa81dab994f9023523100,2018-08-14,0.9999997924696652,0.9999997924696652,4.219653032039082,1.0,OLIST-BR,1,3.0,2.0,lgbm_q_recursive_v2
1f50f920176fa81dab994f9023523100,2018-08-15,0.9999997924696652,0.9999997924696652,4.860323615247777,1.0,OLIST-BR,2,1.0,1.0,lgbm_q_recursive_v2
1f50f920176fa81dab994f9023523100,2018-08-16,0.9999997924696652,0.9999997924696652,3.6241892385171,1.0,OLIST-BR,3,1.0,3.0,lgbm_q_recursive_v2
1f50f920176fa81dab994f9023523100,2018-08-17,0.0,0.0,0.0,1.0,OLIST-BR,4,0.0,0.0,lgbm_q_recursive_v2
1f50f920176fa81dab994f9023523100,2018-08-18,0.0,0.0,0.0,1.0,OLIST-BR,5,4.0,0.0,lgbm_q_recursive_v2
1f50f920176fa81dab994f9023523100,2018-08-19,0.9999997924696652,0.9999997924696652,3.404229500007093,1.0,OLIST-BR,6,3.0,1.0,lgbm_q_recursive_v2
1f50f920176fa81dab994f9023523100,2018-08-20,0.0,0.0,0.0,1.0,OLIST-BR,7,2.0,0.0,lgbm_q_recursive_v2
1f50f920176fa81dab994f9023523100,2018-08-21,0.9999997924696652,0.9999997924696652,4.198098219719018,1.0,OLIST-BR,8,3.0,3.0,lgbm_q_recursive_v2
1f50f920176fa81dab994f9023523100,2018-08-22,0.9999997924696652,0.9999997924696652,3.408337462328537,1.0,OLIST-BR,9,1.0,3.0,lgbm_q_recursive_v2
1f50f920176fa81dab994f9023523100,2018-08-23,0.9999997924696652,0.9999997924696652,4.424817599225693,1.0,OLIST-BR,10,1.0,1.0,lgbm_q_recursive_v2
1f50f920176fa81dab994f9023523100,2018-08-24,0.0,0.0,0.0,1.0,OLIST-BR,11,0.0,0.0,lgbm_q_recursive_v2
1f50f920176fa81dab994f9023523100,2018-08-25,0.9999997924696652,0.9999997924696652,3.2174512664127564,1.0,OLIST-BR,12,4.0,1.0,lgbm_q_recursive_v2
1f50f920176fa81dab994f9023523100,2018-08-26,0.0,0.0,0.0,1.0,OLIST-BR,13,3.0,0.0,lgbm_q_recursive_v2
1f50f920176fa81dab994f9023523100,2018-08-27,0.0,0.0,0.0,1.0,OLIST-BR,14,2.0,0.0,lgbm_q_recursive_v2
9b013e03b2ab786505a1d3b5c0756754,2018-08-14,0.9999997924696652,0.9999997924696652,2.5162741639433475,0.439,OLIST-BR,1,0.0,2.0,lgbm_q_recursive_v2
9b013e03b2ab786505a1d3b5c0756754,2018-08-15,0.0,0.0,0.0,0.439,OLIST-BR,2,0.0,0.0,lgbm_q_recursive_v2
9b013e03b2ab786505a1d3b5c0756754,2018-08-16,0.9999997924696652,0.9999997924696652,2.4544724833591647,0.439,OLIST-BR,3,0.0,3.0,lgbm_q_recursive_v2
9b013e03b2ab786505a1d3b5c0756754,2018-08-17,0.0,0.0,0.0,0.439,OLIST-BR,4,1.0,0.0,lgbm_q_recursive_v2
9b013e03b2ab786505a1d3b5c0756754,2018-08-18,0.0,0.0,0.0,0.439,OLIST-BR,5,0.0,0.0,lgbm_q_recursive_v2
9b013e03b2ab786505a1d3b5c0756754,2018-08-19,0.9999997924696652,0.9999997924696652,2.286429831101411,0.439,OLIST-BR,6,2.0,1.0,lgbm_q_recursive_v2
9b013e03b2ab786505a1d3b5c0756754,2018-08-20,0.9999997924696652,0.9999997924696652,2.460604989183691,0.439,OLIST-BR,7,0.0,4.0,lgbm_q_recursive_v2
9b013e03b2ab786505a1d3b5c0756754,2018-08-21,0.9999997924696652,0.9999997924696652,3.40468613924235,0.439,OLIST-BR,8,0.0,2.0,lgbm_q_recursive_v2
9b013e03b2ab786505a1d3b5c0756754,2018-08-22,0.9999997924696652,0.9999997924696652,3.159260653601763,0.439,OLIST-BR,9,0.0,2.0,lgbm_q_recursive_v2
9b013e03b2ab786505a1d3b5c0756754,2018-08-23,0.0,0.0,0.0,0.439,OLIST-BR,10,0.0,0.0,lgbm_q_recursive_v2
9b013e03b2ab786505a1d3b5c0756754,2018-08-24,0.0,0.0,0.0,0.439,OLIST-BR,11,1.0,0.0,lgbm_q_recursive_v2
9b013e03b2ab786505a1d3b5c0756754,2018-08-25,0.9999997924696652,0.9999997924696652,2.143110132828824,0.439,OLIST-BR,12,0.0,1.0,lgbm_q_recursive_v2
9b013e03b2ab786505a1d3b5c0756754,2018-08-26,0.0,0.0,0.0,0.439,OLIST-BR,13,2.0,0.0,lgbm_q_recursive_v2
9b013e03b2ab786505a1d3b5c0756754,2018-08-27,0.9999997924696652,0.9999997924696652,2.41066916517154,0.439,OLIST-BR,14,0.0,3.0,lgbm_q_recursive_v2
f7ba60f8c3f99e7ee4042fdef03b70c4,2018-08-14,0.0,0.0,0.0,1.0,OLIST-BR,1,1.0,0.0,lgbm_q_recursive_v2
f7ba60f8c3f99e7ee4042fdef03b70c4,2018-08-15,0.9999997924696652,0.9999997924696652,2.768761334128943,1.0,OLIST-BR,2,2.0,1.0,lgbm_q_recursive_v2
f7ba60f8c3f99e7ee4042fdef03b70c4,2018-08-16,0.9999997924696652,0.9999997924696652,3.6255589746802808,1.0,OLIST-BR,3,0.0,2.0,lgbm_q_recursive_v2
f7ba60f8c3f99e7ee4042fdef03b70c4,2018-08-17,0.9999997924696652,0.9999997924696652,3.1195225875119226,1.0,OLIST-BR,4,2.0,2.0,lgbm_q_recursive_v2
f7ba60f8c3f99e7ee4042fdef03b70c4,2018-08-18,0.9999997924696652,0.9999997924696652,2.6422842497855976,1.0,OLIST-BR,5,1.0,1.0,lgbm_q_recursive_v2
f7ba60f8c3f99e7ee4042fdef03b70c4,2018-08-19,0.0,0.0,0.0,1.0,OLIST-BR,6,0.0,0.0,lgbm_q_recursive_v2
f7ba60f8c3f99e7ee4042fdef03b70c4,2018-08-20,0.0,0.0,0.0,1.0,OLIST-BR,7,7.0,0.0,lgbm_q_recursive_v2
f7ba60f8c3f99e7ee4042fdef03b70c4,2018-08-21,0.9999997924696652,0.9999997924696652,2.6730716449533567,1.0,OLIST-BR,8,1.0,4.0,lgbm_q_recursive_v2
f7ba60f8c3f99e7ee4042fdef03b70c4,2018-08-22,0.9999997924696652,0.9999997924696652,2.950006573167635,1.0,OLIST-BR,9,2.0,2.0,lgbm_q_recursive_v2
f7ba60f8c3f99e7ee4042fdef03b70c4,2018-08-23,0.0,0.0,0.0,1.0,OLIST-BR,10,0.0,0.0,lgbm_q_recursive_v2
f7ba60f8c3f99e7ee4042fdef03b70c4,2018-08-24,0.0,0.0,0.0,1.0,OLIST-BR,11,2.0,0.0,lgbm_q_recursive_v2
f7ba60f8c3f99e7ee4042fdef03b70c4,2018-08-25,0.9999997924696652,0.9999997924696652,2.219148865903525,1.0,OLIST-BR,12,1.0,1.0,lgbm_q_recursive_v2
f7ba60f8c3f99e7ee4042fdef03b70c4,2018-08-26,0.9999997924696652,0.9999997924696652,2.485365704392073,1.0,OLIST-BR,13,0.0,1.0,lgbm_q_recursive_v2
f7ba60f8c3f99e7ee4042fdef03b70c4,2018-08-27,0.0,0.0,0.0,1.0,OLIST-BR,14,7.0,0.0,lgbm_q_recursive_v2
1900267e848ceeba8fa32d80c1a5f5a8,2018-08-14,0.9999997924696652,0.9999997924696652,6.210172531375011,1.0,OLIST-BR,1,7.0,1.0,lgbm_q_recursive_v2
1900267e848ceeba8fa32d80c1a5f5a8,2018-08-15,0.9999997924696652,0.9999997924696652,4.591225771704779,1.0,OLIST-BR,2,0.0,2.0,lgbm_q_recursive_v2
1900267e848ceeba8fa32d80c1a5f5a8,2018-08-16,0.9999997924696652,0.9999997924696652,4.641878728929769,1.0,OLIST-BR,3,1.0,1.0,lgbm_q_recursive_v2
1900267e848ceeba8fa32d80c1a5f5a8,2018-08-17,0.9999997924696652,0.9999997924696652,4.443424589947044,1.0,OLIST-BR,4,0.0,2.0,lgbm_q_recursive_v2
1900267e848ceeba8fa32d80c1a5f5a8,2018-08-18,0.0,0.0,0.0,1.0,OLIST-BR,5,2.0,0.0,lgbm_q_recursive_v2
1900267e848ceeba8fa32d80c1a5f5a8,2018-08-19,0.9999997924696652,0.9999997924696652,3.485851399277432,1.0,OLIST-BR,6,2.0,2.0,lgbm_q_recursive_v2
1900267e848ceeba8fa32d80c1a5f5a8,2018-08-20,0.9999997924696652,0.9999997924696652,4.809132547300796,1.0,OLIST-BR,7,3.0,2.0,lgbm_q_recursive_v2
1900267e848ceeba8fa32d80c1a5f5a8,2018-08-21,0.9999997924696652,0.9999997924696652,4.196198369363128,1.0,OLIST-BR,8,7.0,1.0,lgbm_q_recursive_v2
1900267e848ceeba8fa32d80c1a5f5a8,2018-08-22,0.0,0.0,0.0,1.0,OLIST-BR,9,0.0,0.0,lgbm_q_recursive_v2
1900267e848ceeba8fa32d80c1a5f5a8,2018-08-23,0.0,0.0,0.0,1.0,OLIST-BR,10,1.0,0.0,lgbm_q_recursive_v2
1900267e848ceeba8fa32d80c1a5f5a8,2018-08-24,0.0,0.0,0.0,1.0,OLIST-BR,11,0.0,0.0,lgbm_q_recursive_v2
1900267e848ceeba8fa32d80c1a5f5a8,2018-08-25,0.0,0.0,0.0,1.0,OLIST-BR,12,2.0,0.0,lgbm_q_recursive_v2
1900267e848ceeba8fa32d80c1a5f5a8,2018-08-26,0.9999997924696652,0.9999997924696652,2.7805583198928194,1.0,OLIST-BR,13,2.0,2.0,lgbm_q_recursive_v2
1900267e848ceeba8fa32d80c1a5f5a8,2018-08-27,0.0,0.0,0.0,1.0,OLIST-BR,14,3.0,0.0,lgbm_q_recursive_v2
16090f2ca825584b5a147ab24aa30c86,2018-08-14,0.9999997924696652,0.9999997924696652,4.554034540282053,0.488,OLIST-BR,1,2.0,1.0,lgbm_q_recursive_v2
16090f2ca825584b5a147ab24aa30c86,2018-08-15,0.9999997924696652,0.9999997924696652,4.613896824100546,0.488,OLIST-BR,2,3.0,3.0,lgbm_q_recursive_v2
16090f2ca825584b5a147ab24aa30c86,2018-08-16,0.9999997924696652,0.9999997924696652,2.4806140036726303,0.488,OLIST-BR,3,2.0,2.0,lgbm_q_recursive_v2
16090f2ca825584b5a147ab24aa30c86,2018-08-17,0.9999997924696652,0.9999997924696652,3.732295950888585,0.488,OLIST-BR,4,1.0,1.0,lgbm_q_recursive_v2
16090f2ca825584b5a147ab24aa30c86,2018-08-18,0.9999997924696652,0.9999997924696652,3.165923379041574,0.488,OLIST-BR,5,2.0,1.0,lgbm_q_recursive_v2
16090f2ca825584b5a147ab24aa30c86,2018-08-19,0.0,0.0,0.0,0.488,OLIST-BR,6,2.0,0.0,lgbm_q_recursive_v2
16090f2ca825584b5a147ab24aa30c86,2018-08-20,0.0,0.0,0.0,0.488,OLIST-BR,7,5.0,0.0,lgbm_q_recursive_v2
16090f2ca825584b5a147ab24aa30c86,2018-08-21,0.0,0.0,0.0,0.488,OLIST-BR,8,2.0,0.0,lgbm_q_recursive_v2
16090f2ca825584b5a147ab24aa30c86,2018-08-22,0.9999997924696652,0.9999997924696652,2.449276934730096,0.488,OLIST-BR,9,3.0,1.0,lgbm_q_recursive_v2
16090f2ca825584b5a147ab24aa30c86,2018-08-23,0.9999997924696652,0.9999997924696652,4.086827202557494,0.488,OLIST-BR,10,2.0,2.0,lgbm_q_recursive_v2
16090f2ca825584b5a147ab24aa30c86,2018-08-24,0.0,0.0,0.0,0.488,OLIST-BR,11,1.0,0.0,lgbm_q_recursive_v2
16090f2ca825584b5a147ab24aa30c86,2018-08-25,0.0,0.0,0.0,0.488,OLIST-BR,12,2.0,0.0,lgbm_q_recursive_v2
16090f2ca825584b5a147ab24aa30c86,2018-08-26,0.0,0.0,0.0,0.488,OLIST-BR,13,2.0,0.0,lgbm_q_recursive_v2
16090f2ca825584b5a147ab24aa30c86,2018-08-27,0.9999997924696652,0.9999997924696652,2.130303140098197,0.488,OLIST-BR,14,5.0,2.0,lgbm_q_recursive_v2
5a413ade68e8f8d93071a7f52a64cb9e,2018-08-14,0.9999997924696652,0.9999997924696652,2.100018518362254,0.401,OLIST-BR,1,0.0,1.0,lgbm_q_recursive_v2
5a413ade68e8f8d93071a7f52a64cb9e,2018-08-15,0.9999997924696652,0.9999997924696652,2.100456083314607,0.401,OLIST-BR,2,0.0,2.0,lgbm_q_recursive_v2
5a413ade68e8f8d93071a7f52a64cb9e,2018-08-16,0.9999997924696652,0.9999997924696652,2.1158102214946943,0.401,OLIST-BR,3,1.0,1.0,lgbm_q_recursive_v2
5a413ade68e8f8d93071a7f52a64cb9e,2018-08-17,0.9999997924696652,0.9999997924696652,1.9837130379558776,0.401,OLIST-BR,4,0.0,1.0,lgbm_q_recursive_v2
5a413ade68e8f8d93071a7f52a64cb9e,2018-08-18,0.0,0.0,0.0,0.401,OLIST-BR,5,1.0,0.0,lgbm_q_recursive_v2
5a413ade68e8f8d93071a7f52a64cb9e,2018-08-19,0.9999997924696652,0.9999997924696652,2.09778268219712,0.401,OLIST-BR,6,1.0,1.0,lgbm_q_recursive_v2
5a413ade68e8f8d93071a7f52a64cb9e,2018-08-20,0.9999997924696652,0.9999997924696652,2.515083573265309,0.401,OLIST-BR,7,0.0,3.0,lgbm_q_recursive_v2
5a413ade68e8f8d93071a7f52a64cb9e,2018-08-21,0.9999997924696652,0.9999997924696652,2.0621848939341465,0.401,OLIST-BR,8,0.0,1.0,lgbm_q_recursive_v2
5a413ade68e8f8d93071a7f52a64cb9e,2018-08-22,0.0,0.0,0.0,0.401,OLIST-BR,9,0.0,0.0,lgbm_q_recursive_v2
5a413ade68e8f8d93071a7f52a64cb9e,2018-08-23,0.0,0.0,0.0,0.401,OLIST-BR,10,1.0,0.0,lgbm_q_recursive_v2
5a413ade68e8f8d93071a7f52a64cb9e,2018-08-24,0.0,0.0,0.0,0.401,OLIST-BR,11,0.0,0.0,lgbm_q_recursive_v2
5a413ade68e8f8d93071a7f52a64cb9e,2018-08-25,0.0,0.0,0.0,0.401,OLIST-BR,12,1.0,0.0,lgbm_q_recursive_v2
5a413ade68e8f8d93071a7f52a64cb9e,2018-08-26,0.0,0.0,0.0,0.401,OLIST-BR,13,1.0,0.0,lgbm_q_recursive_v2
5a413ade68e8f8d93071a7f52a64cb9e,2018-08-27,0.0,0.0,0.0,0.401,OLIST-BR,14,0.0,0.0,lgbm_q_recursive_v2
5656537e588803a555b8eb41f07a944b,2018-08-14,0.9999997924696652,0.9999997924696652,2.6889054093058924,1.0,OLIST-BR,1,0.0,2.0,lgbm_q_recursive_v2
5656537e588803a555b8eb41f07a944b,2018-08-15,0.9999997924696652,0.9999997924696652,3.0594201978779534,1.0,OLIST-BR,2,0.0,2.0,lgbm_q_recursive_v2
5656537e588803a555b8eb41f07a944b,2018-08-16,0.9999997924696652,0.9999997924696652,2.6886252251828977,1.0,OLIST-BR,3,3.0,4.0,lgbm_q_recursive_v2
5656537e588803a555b8eb41f07a944b,2018-08-17,0.9999997924696652,0.9999997924696652,2.9968144419006792,1.0,OLIST-BR,4,2.0,2.0,lgbm_q_recursive_v2
5656537e588803a555b8eb41f07a944b,2018-08-18,0.0,0.0,0.0,1.0,OLIST-BR,5,2.0,0.0,lgbm_q_recursive_v2
5656537e588803a555b8eb41f07a944b,2018-08-19,0.9999997924696652,0.9999997924696652,2.4408719475559306,1.0,OLIST-BR,6,0.0,1.0,lgbm_q_recursive_v2
5656537e588803a555b8eb41f07a944b,2018-08-20,0.0,0.0,0.0,1.0,OLIST-BR,7,0.0,0.0,lgbm_q_recursive_v2
5656537e588803a555b8eb41f07a944b,2018-08-21,0.0,0.0,0.0,1.0,OLIST-BR,8,0.0,0.0,lgbm_q_recursive_v2
5656537e588803a555b8eb41f07a944b,2018-08-22,0.9999997924696652,0.9999997924696652,2.3127534747858416,1.0,OLIST-BR,9,0.0,1.0,lgbm_q_recursive_v2
5656537e588803a555b8eb41f07a944b,2018-08-23,0.9999997924696652,0.9999997924696652,2.7623873475645344,1.0,OLIST-BR,10,3.0,2.0,lgbm_q_recursive_v2
5656537e588803a555b8eb41f07a944b,2018-08-24,0.0,0.0,0.0,1.0,OLIST-BR,11,2.0,0.0,lgbm_q_recursive_v2
5656537e588803a555b8eb41f07a944b,2018-08-25,0.0,0.0,0.0,1.0,OLIST-BR,12,2.0,0.0,lgbm_q_recursive_v2
5656537e588803a555b8eb41f07a944b,2018-08-26,0.0,0.0,0.0,1.0,OLIST-BR,13,0.0,0.0,lgbm_q_recursive_v2
5656537e588803a555b8eb41f07a944b,2018-08-27,0.0,0.0,0.0,1.0,OLIST-BR,14,0.0,0.0,lgbm_q_recursive_v2
b39d7fe263ef469605dbb32608aee0af,2018-08-14,0.9999997924696652,0.9999997924696652,2.062503195676024,1.0,OLIST-BR,1,0.0,1.0,lgbm_q_recursive_v2
b39d7fe263ef469605dbb32608aee0af,2018-08-15,0.9999997924696652,0.9999997924696652,1.9814266492425183,1.0,OLIST-BR,2,1.0,2.0,lgbm_q_recursive_v2
b39d7fe263ef469605dbb32608aee0af,2018-08-16,0.9999997924696652,0.9999997924696652,1.9710429215353056,1.0,OLIST-BR,3,0.0,1.0,lgbm_q_recursive_v2
b39d7fe263ef469605dbb32608aee0af,2018-08-17,0.9999997924696652,0.9999997924696652,1.976466093911722,1.0,OLIST-BR,4,0.0,1.0,lgbm_q_recursive_v2
b39d7fe263ef469605dbb32608aee0af,2018-08-18,0.9999997924696652,0.9999997924696652,1.97009814661432,1.0,OLIST-BR,5,1.0,4.0,lgbm_q_recursive_v2
b39d7fe263ef469605dbb32608aee0af,2018-08-19,0.0,0.0,0.0,1.0,OLIST-BR,6,0.0,0.0,lgbm_q_recursive_v2
b39d7fe263ef469605dbb32608aee0af,2018-08-20,0.9999997924696652,0.9999997924696652,2.0544102552078343,1.0,OLIST-BR,7,0.0,1.0,lgbm_q_recursive_v2
b39d7fe263ef469605dbb32608aee0af,2018-08-21,0.0,0.0,0.0,1.0,OLIST-BR,8,0.0,0.0,lgbm_q_recursive_v2
b39d7fe263ef469605dbb32608aee0af,2018-08-22,0.0,0.0,0.0,1.0,OLIST-BR,9,1.0,0.0,lgbm_q_recursive_v2
b39d7fe263ef469605dbb32608aee0af,2018-08-23,0.9999997924696652,0.9999997924696652,2.1022740031215617,1.0,OLIST-BR,10,0.0,1.0,lgbm_q_recursive_v2
b39d7fe263ef469605dbb32608aee0af,2018-08-24,0.0,0.0,0.0,1.0,OLIST-BR,11,0.0,0.0,lgbm_q_recursive_v2
b39d7fe263ef469605dbb32608aee0af,2018-08-25,0.0,0.0,0.0,1.0,OLIST-BR,12,1.0,0.0,lgbm_q_recursive_v2
b39d7fe263ef469605dbb32608aee0af,2018-08-26,0.0,0.0,0.0,1.0,OLIST-BR,13,0.0,0.0,lgbm_q_recursive_v2
b39d7fe263ef469605dbb32608aee0af,2018-08-27,0.0,0.0,0.0,1.0,OLIST-BR,14,0.0,0.0,lgbm_q_recursive_v2
c33847515fa6305ce6feb1e818569f13,2018-08-14,0.0,0.0,0.0,1.0,OLIST-BR,1,0.0,0.0,lgbm_q_recursive_v2
c33847515fa6305ce6feb1e818569f13,2018-08-15,0.9999997924696652,0.9999997924696652,3.613256433188243,1.0,OLIST-BR,2,1.0,1.0,lgbm_q_recursive_v2
c33847515fa6305ce6feb1e818569f13,2018-08-16,0.9999997924696652,0.9999997924696652,3.407804567265265,1.0,OLIST-BR,3,0.0,1.0,lgbm_q_recursive_v2
c33847515fa6305ce6feb1e818569f13,2018-08-17,0.0,0.0,0.0,1.0,OLIST-BR,4,3.0,0.0,lgbm_q_recursive_v2
c33847515fa6305ce6feb1e818569f13,2018-08-18,0.9999997924696652,0.9999997924696652,2.6990986568715485,1.0,OLIST-BR,5,3.0,2.0,lgbm_q_recursive_v2
c33847515fa6305ce6feb1e818569f13,2018-08-19,0.9999997924696652,0.9999997924696652,2.7013602216853974,1.0,OLIST-BR,6,4.0,1.0,lgbm_q_recursive_v2
c33847515fa6305ce6feb1e818569f13,2018-08-20,0.9999997924696652,0.9999997924696652,3.4570616478686373,1.0,OLIST-BR,7,4.0,1.0,lgbm_q_recursive_v2
c33847515fa6305ce6feb1e818569f13,2018-08-21,0.9999997924696652,0.9999997924696652,3.367049601130512,1.0,OLIST-BR,8,0.0,1.0,lgbm_q_recursive_v2
c33847515fa6305ce6feb1e818569f13,2018-08-22,0.9999997924696652,0.9999997924696652,3.185611500656026,1.0,OLIST-BR,9,1.0,1.0,lgbm_q_recursive_v2
c33847515fa6305ce6feb1e818569f13,2018-08-23,0.0,0.0,0.0,1.0,OLIST-BR,10,0.0,0.0,lgbm_q_recursive_v2
c33847515fa6305ce6feb1e818569f13,2018-08-24,0.0,0.0,0.0,1.0,OLIST-BR,11,3.0,0.0,lgbm_q_recursive_v2
c33847515fa6305ce6feb1e818569f13,2018-08-25,0.0,0.0,0.0,1.0,OLIST-BR,12,3.0,0.0,lgbm_q_recursive_v2
c33847515fa6305ce6feb1e818569f13,2018-08-26,0.0,0.0,0.0,1.0,OLIST-BR,13,4.0,0.0,lgbm_q_recursive_v2
c33847515fa6305ce6feb1e818569f13,2018-08-27,0.0,0.0,0.0,1.0,OLIST-BR,14,4.0,0.0,lgbm_q_recursive_v2
c3cfdc648177fdbbbb35635a37472c53,2018-08-14,0.9999997924696652,0.9999997924696652,2.3443320173996294,1.0,OLIST-BR,1,1.0,1.0,lgbm_q_recursive_v2
c3cfdc648177fdbbbb35635a37472c53,2018-08-15,0.0,0.0,0.0,1.0,OLIST-BR,2,1.0,0.0,lgbm_q_recursive_v2
c3cfdc648177fdbbbb35635a37472c53,2018-08-16,0.9999997924696652,0.9999997924696652,2.621262477463066,1.0,OLIST-BR,3,2.0,3.0,lgbm_q_recursive_v2
c3cfdc648177fdbbbb35635a37472c53,2018-08-17,0.0,0.0,0.0,1.0,OLIST-BR,4,0.0,0.0,lgbm_q_recursive_v2
c3cfdc648177fdbbbb35635a37472c53,2018-08-18,0.0,0.0,0.0,1.0,OLIST-BR,5,0.0,0.0,lgbm_q_recursive_v2
c3cfdc648177fdbbbb35635a37472c53,2018-08-19,0.0,0.0,0.0,1.0,OLIST-BR,6,0.0,0.0,lgbm_q_recursive_v2
c3cfdc648177fdbbbb35635a37472c53,2018-08-20,0.0,0.0,0.0,1.0,OLIST-BR,7,1.0,0.0,lgbm_q_recursive_v2
c3cfdc648177fdbbbb35635a37472c53,2018-08-21,0.9999997924696652,0.9999997924696652,2.446420423688562,1.0,OLIST-BR,8,1.0,1.0,lgbm_q_recursive_v2
c3cfdc648177fdbbbb35635a37472c53,2018-08-22,0.0,0.0,0.0,1.0,OLIST-BR,9,1.0,0.0,lgbm_q_recursive_v2
c3cfdc648177fdbbbb35635a37472c53,2018-08-23,0.9999997924696652,0.9999997924696652,2.4429831815426595,1.0,OLIST-BR,10,2.0,1.0,lgbm_q_recursive_v2
c3cfdc648177fdbbbb35635a37472c53,2018-08-24,0.0,0.0,0.0,1.0,OLIST-BR,11,0.0,0.0,lgbm_q_recursive_v2
c3cfdc648177fdbbbb35635a37472c53,2018-08-25,0.9999997924696652,0.9999997924696652,2.3552985305287195,1.0,OLIST-BR,12,0.0,1.0,lgbm_q_recursive_v2
c3cfdc648177fdbbbb35635a37472c53,2018-08-26,0.9999997924696652,0.9999997924696652,2.6112505333368112,1.0,OLIST-BR,13,0.0,1.0,lgbm_q_recursive_v2
c3cfdc648177fdbbbb35635a37472c53,2018-08-27,0.9999997924696652,0.9999997924696652,3.150637216382332,1.0,OLIST-BR,14,1.0,1.0,lgbm_q_recursive_v2
2138ccb85b11a4ec1e37afbd1c8eda1f,2018-08-14,0.0,0.0,0.0,1.0,OLIST-BR,1,1.0,0.0,lgbm_q_recursive_v2
2138ccb85b11a4ec1e37afbd1c8eda1f,2018-08-15,0.9999997924696652,0.9999997924696652,2.559199191914054,1.0,OLIST-BR,2,0.0,2.0,lgbm_q_recursive_v2
2138ccb85b11a4ec1e37afbd1c8eda1f,2018-08-16,0.0,0.0,0.0,1.0,OLIST-BR,3,1.0,0.0,lgbm_q_recursive_v2
2138ccb85b11a4ec1e37afbd1c8eda1f,2018-08-17,0.0,0.0,0.0,1.0,OLIST-BR,4,1.0,0.0,lgbm_q_recursive_v2
2138ccb85b11a4ec1e37afbd1c8eda1f,2018-08-18,0.0,0.0,0.0,1.0,OLIST-BR,5,0.0,0.0,lgbm_q_recursive_v2
2138ccb85b11a4ec1e37afbd1c8eda1f,2018-08-19,0.0,0.0,0.0,1.0,OLIST-BR,6,0.0,0.0,lgbm_q_recursive_v2
2138ccb85b11a4ec1e37afbd1c8eda1f,2018-08-20,0.9999997924696652,0.9999997924696652,2.0981698983572183,1.0,OLIST-BR,7,0.0,1.0,lgbm_q_recursive_v2
2138ccb85b11a4ec1e37afbd1c8eda1f,2018-08-21,0.9999997924696652,0.9999997924696652,2.2693397005714697,1.0,OLIST-BR,8,1.0,1.0,lgbm_q_recursive_v2
2138ccb85b11a4ec1e37afbd1c8eda1f,2018-08-22,0.9999997924696652,0.9999997924696652,2.3476055001366,1.0,OLIST-BR,9,0.0,1.0,lgbm_q_recursive_v2
2138ccb85b11a4ec1e37afbd1c8eda1f,2018-08-23,0.9999997924696652,0.9999997924696652,1.890024976065927,1.0,OLIST-BR,10,1.0,1.0,lgbm_q_recursive_v2
2138ccb85b11a4ec1e37afbd1c8eda1f,2018-08-24,0.0,0.0,0.0,1.0,OLIST-BR,11,1.0,0.0,lgbm_q_recursive_v2
2138ccb85b11a4ec1e37afbd1c8eda1f,2018-08-25,0.9999997924696652,0.9999997924696652,1.8332852695986412,1.0,OLIST-BR,12,0.0,2.0,lgbm_q_recursive_v2
2138ccb85b11a4ec1e37afbd1c8eda1f,2018-08-26,0.9999997924696652,0.9999997924696652,1.843588557092001,1.0,OLIST-BR,13,0.0,2.0,lgbm_q_recursive_v2
2138ccb85b11a4ec1e37afbd1c8eda1f,2018-08-27,0.0,0.0,0.0,1.0,OLIST-BR,14,0.0,0.0,lgbm_q_recursive_v2
ef2fbc2b607d8492bcffe657a4645434,2018-08-14,0.0,0.0,0.0,1.0,OLIST-BR,1,0.0,0.0,lgbm_q_recursive_v2
ef2fbc2b607d8492bcffe657a4645434,2018-08-15,0.0,0.0,0.0,1.0,OLIST-BR,2,0.0,0.0,lgbm_q_recursive_v2
ef2fbc2b607d8492bcffe657a4645434,2018-08-16,0.9999997924696652,0.9999997924696652,1.9728646345371128,1.0,OLIST-BR,3,0.0,1.0,lgbm_q_recursive_v2
ef2fbc2b607d8492bcffe657a4645434,2018-08-17,0.9999997924696652,0.9999997924696652,2.122794183614098,1.0,OLIST-BR,4,2.0,1.0,lgbm_q_recursive_v2
ef2fbc2b607d8492bcffe657a4645434,2018-08-18,0.9999997924696652,0.9999997924696652,1.9790386297773823,1.0,OLIST-BR,5,0.0,1.0,lgbm_q_recursive_v2
ef2fbc2b607d8492bcffe657a4645434,2018-08-19,0.0,0.0,0.0,1.0,OLIST-BR,6,2.0,0.0,lgbm_q_recursive_v2
ef2fbc2b607d8492bcffe657a4645434,2018-08-20,0.9999997924696652,0.9999997924696652,2.071046259637433,1.0,OLIST-BR,7,0.0,1.0,lgbm_q_recursive_v2
ef2fbc2b607d8492bcffe657a4645434,2018-08-21,0.9999997924696652,0.9999997924696652,2.129912492291327,1.0,OLIST-BR,8,0.0,1.0,lgbm_q_recursive_v2
ef2fbc2b607d8492bcffe657a4645434,2018-08-22,0.9999997924696652,0.9999997924696652,2.815321129214328,1.0,OLIST-BR,9,0.0,1.0,lgbm_q_recursive_v2
ef2fbc2b607d8492bcffe657a4645434,2018-08-23,0.0,0.0,0.0,1.0,OLIST-BR,10,0.0,0.0,lgbm_q_recursive_v2
ef2fbc2b607d8492bcffe657a4645434,2018-08-24,0.0,0.0,0.0,1.0,OLIST-BR,11,2.0,0.0,lgbm_q_recursive_v2
ef2fbc2b607d8492bcffe657a4645434,2018-08-25,0.0,0.0,0.0,1.0,OLIST-BR,12,0.0,0.0,lgbm_q_recursive_v2
ef2fbc2b607d8492bcffe657a4645434,2018-08-26,0.9999997924696652,0.9999997924696652,2.022699929423829,1.0,OLIST-BR,13,2.0,1.0,lgbm_q_recursive_v2
ef2fbc2b607d8492bcffe657a4645434,2018-08-27,0.0,0.0,0.0,1.0,OLIST-BR,14,0.0,0.0,lgbm_q_recursive_v2
594f9aaa48e5bf431f011ddc5669b0d5,2018-08-14,0.9999997924696652,0.9999997924696652,2.0548635310279417,1.0,OLIST-BR,1,0.0,1.0,lgbm_q_recursive_v2
594f9aaa48e5bf431f011ddc5669b0d5,2018-08-15,0.9999997924696652,0.9999997924696652,2.0548635310279417,1.0,OLIST-BR,2,0.0,1.0,lgbm_q_recursive_v2
594f9aaa48e5bf431f011ddc5669b0d5,2018-08-16,0.9999997924696652,0.9999997924696652,2.0435869017994426,1.0,OLIST-BR,3,0.0,1.0,lgbm_q_recursive_v2
594f9aaa48e5bf431f011ddc5669b0d5,2018-08-17,0.9999997924696652,0.9999997924696652,2.1449826555367704,1.0,OLIST-BR,4,0.0,1.0,lgbm_q_recursive_v2
594f9aaa48e5bf431f011ddc5669b0d5,2018-08-18,0.9999997924696652,0.9999997924696652,2.0232842332623657,1.0,OLIST-BR,5,0.0,2.0,lgbm_q_recursive_v2
594f9aaa48e5bf431f011ddc5669b0d5,2018-08-19,0.0,0.0,0.0,1.0,OLIST-BR,6,2.0,0.0,lgbm_q_recursive_v2
594f9aaa48e5bf431f011ddc5669b0d5,2018-08-20,0.0,0.0,0.0,1.0,OLIST-BR,7,1.0,0.0,lgbm_q_recursive_v2
594f9aaa48e5bf431f011ddc5669b0d5,2018-08-21,0.0,0.0,0.0,1.0,OLIST-BR,8,0.0,0.0,lgbm_q_recursive_v2
594f9aaa48e5bf431f011ddc5669b0d5,2018-08-22,0.0,0.0,0.0,1.0,OLIST-BR,9,0.0,0.0,lgbm_q_recursive_v2
594f9aaa48e5bf431f011ddc5669b0d5,2018-08-23,0.9999997924696652,0.9999997924696652,2.0043821868440146,1.0,OLIST-BR,10,0.0,1.0,lgbm_q_recursive_v2
594f9aaa48e5bf431f011ddc5669b0d5,2018-08-24,0.0,0.0,0.0,1.0,OLIST-BR,11,0.0,0.0,lgbm_q_recursive_v2
594f9aaa48e5bf431f011ddc5669b0d5,2018-08-25,0.0,0.0,0.0,1.0,OLIST-BR,12,0.0,0.0,lgbm_q_recursive_v2
594f9aaa48e5bf431f011ddc5669b0d5,2018-08-26,0.0,0.0,0.0,1.0,OLIST-BR,13,2.0,0.0,lgbm_q_recursive_v2
594f9aaa48e5bf431f011ddc5669b0d5,2018-08-27,0.9999997924696652,0.9999997924696652,2.0859331740189173,1.0,OLIST-BR,14,1.0,1.0,lgbm_q_recursive_v2
7d13fca15225358621be4086e1eb0964,2018-08-14,0.9999997924696652,0.9999997924696652,5.079324549180651,1.0,OLIST-BR,1,3.0,4.0,lgbm_q_recursive_v2
7d13fca15225358621be4086e1eb0964,2018-08-15,0.9999997924696652,0.9999997924696652,4.2629099590720125,1.0,OLIST-BR,2,1.0,4.0,lgbm_q_recursive_v2
7d13fca15225358621be4086e1eb0964,2018-08-16,0.0,0.0,0.0,1.0,OLIST-BR,3,2.0,0.0,lgbm_q_recursive_v2
7d13fca15225358621be4086e1eb0964,2018-08-17,0.0,0.0,0.0,1.0,OLIST-BR,4,3.0,0.0,lgbm_q_recursive_v2
7d13fca15225358621be4086e1eb0964,2018-08-18,0.9999997924696652,0.9999997924696652,3.4497907239483925,1.0,OLIST-BR,5,3.0,3.0,lgbm_q_recursive_v2
7d13fca15225358621be4086e1eb0964,2018-08-19,0.0,0.0,0.0,1.0,OLIST-BR,6,4.0,0.0,lgbm_q_recursive_v2
7d13fca15225358621be4086e1eb0964,2018-08-20,0.9999997924696652,0.9999997924696652,3.497653171430286,1.0,OLIST-BR,7,4.0,2.0,lgbm_q_recursive_v2
7d13fca15225358621be4086e1eb0964,2018-08-21,0.9999997924696652,0.9999997924696652,4.296648575257896,1.0,OLIST-BR,8,3.0,1.0,lgbm_q_recursive_v2
7d13fca15225358621be4086e1eb0964,2018-08-22,0.0,0.0,0.0,1.0,OLIST-BR,9,1.0,0.0,lgbm_q_recursive_v2
7d13fca15225358621be4086e1eb0964,2018-08-23,0.0,0.0,0.0,1.0,OLIST-BR,10,2.0,0.0,lgbm_q_recursive_v2
7d13fca15225358621be4086e1eb0964,2018-08-24,0.9999997924696652,0.9999997924696652,3.484385382361613,1.0,OLIST-BR,11,3.0,2.0,lgbm_q_recursive_v2
7d13fca15225358621be4086e1eb0964,2018-08-25,0.9999997924696652,0.9999997924696652,3.2807980180697003,1.0,OLIST-BR,12,3.0,1.0,lgbm_q_recursive_v2
7d13fca15225358621be4086e1eb0964,2018-08-26,0.0,0.0,0.0,1.0,OLIST-BR,13,4.0,0.0,lgbm_q_recursive_v2
7d13fca15225358621be4086e1eb0964,2018-08-27,0.0,0.0,0.0,1.0,OLIST-BR,14,4.0,0.0,lgbm_q_recursive_v2
18e694e0e48ed6f7aa3f24aade5fd697,2018-08-14,0.0,0.0,0.0,1.0,OLIST-BR,1,1.0,0.0,lgbm_q_recursive_v2
18e694e0e48ed6f7aa3f24aade5fd697,2018-08-15,0.9999997924696652,0.9999997924696652,1.9459723748935949,1.0,OLIST-BR,2,0.0,1.0,lgbm_q_recursive_v2
18e694e0e48ed6f7aa3f24aade5fd697,2018-08-16,0.9999997924696652,0.9999997924696652,2.3234158052810137,1.0,OLIST-BR,3,0.0,5.0,lgbm_q_recursive_v2
18e694e0e48ed6f7aa3f24aade5fd697,2018-08-17,0.0,0.0,0.0,1.0,OLIST-BR,4,1.0,0.0,lgbm_q_recursive_v2
18e694e0e48ed6f7aa3f24aade5fd697,2018-08-18,0.9999997924696652,0.9999997924696652,2.1059957289182827,1.0,OLIST-BR,5,1.0,1.0,lgbm_q_recursive_v2
18e694e0e48ed6f7aa3f24aade5fd697,2018-08-19,0.9999997924696652,0.9999997924696652,2.311791098121864,1.0,OLIST-BR,6,0.0,2.0,lgbm_q_recursive_v2
18e694e0e48ed6f7aa3f24aade5fd697,2018-08-20,0.0,0.0,0.0,1.0,OLIST-BR,7,1.0,0.0,lgbm_q_recursive_v2
18e694e0e48ed6f7aa3f24aade5fd697,2018-08-21,0.0,0.0,0.0,1.0,OLIST-BR,8,1.0,0.0,lgbm_q_recursive_v2
18e694e0e48ed6f7aa3f24aade5fd697,2018-08-22,0.0,0.0,0.0,1.0,OLIST-BR,9,0.0,0.0,lgbm_q_recursive_v2
18e694e0e48ed6f7aa3f24aade5fd697,2018-08-23,0.9999997924696652,0.9999997924696652,2.2979795457278063,1.0,OLIST-BR,10,0.0,1.0,lgbm_q_recursive_v2
18e694e0e48ed6f7aa3f24aade5fd697,2018-08-24,0.0,0.0,0.0,1.0,OLIST-BR,11,1.0,0.0,lgbm_q_recursive_v2
18e694e0e48ed6f7aa3f24aade5fd697,2018-08-25,0.9999997924696652,0.9999997924696652,2.3045270647579423,1.0,OLIST-BR,12,1.0,2.0,lgbm_q_recursive_v2
18e694e0e48ed6f7aa3f24aade5fd697,2018-08-26,0.9999997924696652,0.9999997924696652,2.0727987254591635,1.0,OLIST-BR,13,0.0,2.0,lgbm_q_recursive_v2
18e694e0e48ed6f7aa3f24aade5fd697,2018-08-27,0.0,0.0,0.0,1.0,OLIST-BR,14,1.0,0.0,lgbm_q_recursive_v2
d566c37fa119d5e66c4e9052e83ee4ea,2018-08-14,0.0,0.0,0.0,1.0,OLIST-BR,1,0.0,0.0,lgbm_q_recursive_v2
d566c37fa119d5e66c4e9052e83ee4ea,2018-08-15,0.9999997924696652,0.9999997924696652,2.4680594390475994,1.0,OLIST-BR,2,0.0,1.0,lgbm_q_recursive_v2
d566c37fa119d5e66c4e9052e83ee4ea,2018-08-16,0.9999997924696652,0.9999997924696652,2.144670972818831,1.0,OLIST-BR,3,0.0,1.0,lgbm_q_recursive_v2
d566c37fa119d5e66c4e9052e83ee4ea,2018-08-17,0.9999997924696652,0.9999997924696652,2.9189903228297687,1.0,OLIST-BR,4,1.0,1.0,lgbm_q_recursive_v2
d566c37fa119d5e66c4e9052e83ee4ea,2018-08-18,0.9999997924696652,0.9999997924696652,1.944392255008449,1.0,OLIST-BR,5,0.0,2.0,lgbm_q_recursive_v2
d566c37fa119d5e66c4e9052e83ee4ea,2018-08-19,0.0,0.0,0.0,1.0,OLIST-BR,6,0.0,0.0,lgbm_q_recursive_v2
d566c37fa119d5e66c4e9052e83ee4ea,2018-08-20,0.0,0.0,0.0,1.0,OLIST-BR,7,0.0,0.0,lgbm_q_recursive_v2
d566c37fa119d5e66c4e9052e83ee4ea,2018-08-21,0.9999997924696652,0.9999997924696652,1.9461138070710289,1.0,OLIST-BR,8,0.0,1.0,lgbm_q_recursive_v2
d566c37fa119d5e66c4e9052e83ee4ea,2018-08-22,0.0,0.0,0.0,1.0,OLIST-BR,9,0.0,0.0,lgbm_q_recursive_v2
d566c37fa119d5e66c4e9052e83ee4ea,2018-08-23,0.0,0.0,0.0,1.0,OLIST-BR,10,0.0,0.0,lgbm_q_recursive_v2
d566c37fa119d5e66c4e9052e83ee4ea,2018-08-24,0.0,0.0,0.0,1.0,OLIST-BR,11,1.0,0.0,lgbm_q_recursive_v2
d566c37fa119d5e66c4e9052e83ee4ea,2018-08-25,0.9999997924696652,0.9999997924696652,2.098452554807177,1.0,OLIST-BR,12,0.0,1.0,lgbm_q_recursive_v2
d566c37fa119d5e66c4e9052e83ee4ea,2018-08-26,0.9999997924696652,0.9999997924696652,2.045884067862097,1.0,OLIST-BR,13,0.0,1.0,lgbm_q_recursive_v2
d566c37fa119d5e66c4e9052e83ee4ea,2018-08-27,0.0,0.0,0.0,1.0,OLIST-BR,14,0.0,0.0,lgbm_q_recursive_v2
6edacfd9f9074789dad6d62ba7950b9c,2018-08-14,0.9999997924696652,0.9999997924696652,1.9748473055235327,1.0,OLIST-BR,1,0.0,1.0,lgbm_q_recursive_v2
6edacfd9f9074789dad6d62ba7950b9c,2018-08-15,0.9999997924696652,0.9999997924696652,2.066248106820856,1.0,OLIST-BR,2,0.0,3.0,lgbm_q_recursive_v2
6edacfd9f9074789dad6d62ba7950b9c,2018-08-16,0.9999997924696652,0.9999997924696652,2.039548470065598,1.0,OLIST-BR,3,0.0,1.0,lgbm_q_recursive_v2
6edacfd9f9074789dad6d62ba7950b9c,2018-08-17,0.0,0.0,0.0,1.0,OLIST-BR,4,0.0,0.0,lgbm_q_recursive_v2
6edacfd9f9074789dad6d62ba7950b9c,2018-08-18,0.0,0.0,0.0,1.0,OLIST-BR,5,0.0,0.0,lgbm_q_recursive_v2
6edacfd9f9074789dad6d62ba7950b9c,2018-08-19,0.0,0.0,0.0,1.0,OLIST-BR,6,0.0,0.0,lgbm_q_recursive_v2
6edacfd9f9074789dad6d62ba7950b9c,2018-08-20,0.9999997924696652,0.9999997924696652,2.186995422512191,1.0,OLIST-BR,7,1.0,1.0,lgbm_q_recursive_v2
6edacfd9f9074789dad6d62ba7950b9c,2018-08-21,0.9999997924696652,0.9999997924696652,2.021698637446045,1.0,OLIST-BR,8,0.0,1.0,lgbm_q_recursive_v2
6edacfd9f9074789dad6d62ba7950b9c,2018-08-22,0.9999997924696652,0.9999997924696652,2.1529192516875537,1.0,OLIST-BR,9,0.0,1.0,lgbm_q_recursive_v2
6edacfd9f9074789dad6d62ba7950b9c,2018-08-23,0.0,0.0,0.0,1.0,OLIST-BR,10,0.0,0.0,lgbm_q_recursive_v2
6edacfd9f9074789dad6d62ba7950b9c,2018-08-24,0.0,0.0,0.0,1.0,OLIST-BR,11,0.0,0.0,lgbm_q_recursive_v2
6edacfd9f9074789dad6d62ba7950b9c,2018-08-25,0.0,0.0,0.0,1.0,OLIST-BR,12,0.0,0.0,lgbm_q_recursive_v2
6edacfd9f9074789dad6d62ba7950b9c,2018-08-26,0.0,0.0,0.0,1.0,OLIST-BR,13,0.0,0.0,lgbm_q_recursive_v2
6edacfd9f9074789dad6d62ba7950b9c,2018-08-27,0.9999997924696652,0.9999997924696652,2.108254015824465,1.0,OLIST-BR,14,1.0,1.0,lgbm_q_recursive_v2
7299e27ed73d2ad986de7f7c77d919fa,2018-08-14,0.9999997924696652,0.9999997924696652,3.0114202969765658,1.0,OLIST-BR,1,0.0,1.0,lgbm_q_recursive_v2
7299e27ed73d2ad986de7f7c77d919fa,2018-08-15,0.9999997924696652,0.9999997924696652,3.20329852031438,1.0,OLIST-BR,2,0.0,1.0,lgbm_q_recursive_v2
7299e27ed73d2ad986de7f7c77d919fa,2018-08-16,0.9999997924696652,0.9999997924696652,3.334847299037984,1.0,OLIST-BR,3,0.0,1.0,lgbm_q_recursive_v2
7299e27ed73d2ad986de7f7c77d919fa,2018-08-17,0.0,0.0,0.0,1.0,OLIST-BR,4,2.0,0.0,lgbm_q_recursive_v2
7299e27ed73d2ad986de7f7c77d919fa,2018-08-18,0.9999997924696652,0.9999997924696652,2.673302886869208,1.0,OLIST-BR,5,3.0,1.0,lgbm_q_recursive_v2
7299e27ed73d2ad986de7f7c77d919fa,2018-08-19,0.9999997924696652,0.9999997924696652,2.631644830349004,1.0,OLIST-BR,6,0.0,1.0,lgbm_q_recursive_v2
7299e27ed73d2ad986de7f7c77d919fa,2018-08-20,0.9999997924696652,0.9999997924696652,3.059265941836696,1.0,OLIST-BR,7,3.0,1.0,lgbm_q_recursive_v2
7299e27ed73d2ad986de7f7c77d919fa,2018-08-21,0.9999997924696652,0.9999997924696652,2.9602211506360745,1.0,OLIST-BR,8,0.0,1.0,lgbm_q_recursive_v2
7299e27ed73d2ad986de7f7c77d919fa,2018-08-22,0.0,0.0,0.0,1.0,OLIST-BR,9,0.0,0.0,lgbm_q_recursive_v2
7299e27ed73d2ad986de7f7c77d919fa,2018-08-23,0.0,0.0,0.0,1.0,OLIST-BR,10,0.0,0.0,lgbm_q_recursive_v2
7299e27ed73d2ad986de7f7c77d919fa,2018-08-24,0.0,0.0,0.0,1.0,OLIST-BR,11,2.0,0.0,lgbm_q_recursive_v2
7299e27ed73d2ad986de7f7c77d919fa,2018-08-25,0.0,0.0,0.0,1.0,OLIST-BR,12,3.0,0.0,lgbm_q_recursive_v2
7299e27ed73d2ad986de7f7c77d919fa,2018-08-26,0.0,0.0,0.0,1.0,OLIST-BR,13,0.0,0.0,lgbm_q_recursive_v2
7299e27ed73d2ad986de7f7c77d919fa,2018-08-27,0.0,0.0,0.0,1.0,OLIST-BR,14,3.0,0.0,lgbm_q_recursive_v2
391fc6631aebcf3004804e51b40bcf1e,2018-08-14,0.9999997924696652,0.9999997924696652,3.2724345568937823,1.0,OLIST-BR,1,1.0,1.0,lgbm_q_recursive_v2
391fc6631aebcf3004804e51b40bcf1e,2018-08-15,0.0,0.0,0.0,1.0,OLIST-BR,2,1.0,0.0,lgbm_q_recursive_v2
391fc6631aebcf3004804e51b40bcf1e,2018-08-16,0.0,0.0,0.0,1.0,OLIST-BR,3,1.0,0.0,lgbm_q_recursive_v2
391fc6631aebcf3004804e51b40bcf1e,2018-08-17,0.9999997924696652,0.9999997924696652,3.114604033278173,1.0,OLIST-BR,4,1.0,1.0,lgbm_q_recursive_v2
391fc6631aebcf3004804e51b40bcf1e,2018-08-18,0.9999997924696652,0.9999997924696652,3.0846986361087305,1.0,OLIST-BR,5,3.0,2.0,lgbm_q_recursive_v2
391fc6631aebcf3004804e51b40bcf1e,2018-08-19,0.9999997924696652,0.9999997924696652,2.8235834100239936,1.0,OLIST-BR,6,0.0,1.0,lgbm_q_recursive_v2
391fc6631aebcf3004804e51b40bcf1e,2018-08-20,0.9999997924696652,0.9999997924696652,3.3231340534342984,1.0,OLIST-BR,7,1.0,1.0,lgbm_q_recursive_v2
391fc6631aebcf3004804e51b40bcf1e,2018-08-21,0.9999997924696652,0.9999997924696652,3.2901428948504536,1.0,OLIST-BR,8,1.0,2.0,lgbm_q_recursive_v2
391fc6631aebcf3004804e51b40bcf1e,2018-08-22,0.0,0.0,0.0,1.0,OLIST-BR,9,1.0,0.0,lgbm_q_recursive_v2
391fc6631aebcf3004804e51b40bcf1e,2018-08-23,0.0,0.0,0.0,1.0,OLIST-BR,10,1.0,0.0,lgbm_q_recursive_v2
391fc6631aebcf3004804e51b40bcf1e,2018-08-24,0.0,0.0,0.0,1.0,OLIST-BR,11,1.0,0.0,lgbm_q_recursive_v2
391fc6631aebcf3004804e51b40bcf1e,2018-08-25,0.9999997924696652,0.9999997924696652,2.7893641206580777,1.0,OLIST-BR,12,3.0,1.0,lgbm_q_recursive_v2
391fc6631aebcf3004804e51b40bcf1e,2018-08-26,0.0,0.0,0.0,1.0,OLIST-BR,13,0.0,0.0,lgbm_q_recursive_v2
391fc6631aebcf3004804e51b40bcf1e,2018-08-27,0.0,0.0,0.0,1.0,OLIST-BR,14,1.0,0.0,lgbm_q_recursive_v2
ea67327e24487bdfac5fbfa37ea124df,2018-08-14,0.9999997924696652,0.9999997924696652,1.90602325544496,1.0,OLIST-BR,1,0.0,1.0,lgbm_q_recursive_v2
ea67327e24487bdfac5fbfa37ea124df,2018-08-15,0.0,0.0,0.0,1.0,OLIST-BR,2,0.0,0.0,lgbm_q_recursive_v2
ea67327e24487bdfac5fbfa37ea124df,2018-08-16,0.9999997924696652,0.9999997924696652,1.9367683492566587,1.0,OLIST-BR,3,1.0,1.0,lgbm_q_recursive_v2
ea67327e24487bdfac5fbfa37ea124df,2018-08-17,0.9999997924696652,0.9999997924696652,1.935056664824187,1.0,OLIST-BR,4,0.0,1.0,lgbm_q_recursive_v2
ea67327e24487bdfac5fbfa37ea124df,2018-08-18,0.9999997924696652,0.9999997924696652,1.8876852607454235,1.0,OLIST-BR,5,0.0,2.0,lgbm_q_recursive_v2
ea67327e24487bdfac5fbfa37ea124df,2018-08-19,0.9999997924696652,0.9999997924696652,1.9275848335152612,1.0,OLIST-BR,6,1.0,1.0,lgbm_q_recursive_v2
ea67327e24487bdfac5fbfa37ea124df,2018-08-20,0.0,0.0,0.0,1.0,OLIST-BR,7,0.0,0.0,lgbm_q_recursive_v2
ea67327e24487bdfac5fbfa37ea124df,2018-08-21,0.9999997924696652,0.9999997924696652,2.0346748099935312,1.0,OLIST-BR,8,0.0,2.0,lgbm_q_recursive_v2
ea67327e24487bdfac5fbfa37ea124df,2018-08-22,0.9999997924696652,0.9999997924696652,2.070606942422323,1.0,OLIST-BR,9,0.0,1.0,lgbm_q_recursive_v2
ea67327e24487bdfac5fbfa37ea124df,2018-08-23,0.0,0.0,0.0,1.0,OLIST-BR,10,1.0,0.0,lgbm_q_recursive_v2
ea67327e24487bdfac5fbfa37ea124df,2018-08-24,0.0,0.0,0.0,1.0,OLIST-BR,11,0.0,0.0,lgbm_q_recursive_v2
ea67327e24487bdfac5fbfa37ea124df,2018-08-25,0.0,0.0,0.0,1.0,OLIST-BR,12,0.0,0.0,lgbm_q_recursive_v2
ea67327e24487bdfac5fbfa37ea124df,2018-08-26,0.0,0.0,0.0,1.0,OLIST-BR,13,1.0,0.0,lgbm_q_recursive_v2
ea67327e24487bdfac5fbfa37ea124df,2018-08-27,0.0,0.0,0.0,1.0,OLIST-BR,14,0.0,0.0,lgbm_q_recursive_v2
