po_id,sku_id,status,ai_recommended_qty,ai_guardrail_flags,ai_drafted_at,human_approved_qty,reviewer_user_id,human_feedback,reviewed_at,executed_at,rec_id,store_id,decision_date,on_hand,reorder_point,safety_stock,service_level,days_to_stockout,stockout_risk_7d,cost_if_ignored,cost_of_action,net_benefit,rationale,evidence,proposer,verification
e572bcda-3129-5178-9873-ca5412a3b7dc,6560211a19b47992c3666cc44a7e94c0,PENDING_APPROVAL,42,[],2018-08-28T09:00:00Z,,,,,,REC-2018-08-14-6560211a,OLIST-BR,2018-08-14,7.0,49.45,21.97,0.9,7.0,1.0,551.28,10.16,541.12,"Order 42.0 units of 6560211a at OLIST-BR — demand risk is driven by roll mean 7, and stockout is ~7 days away at the current run rate.","{""p50_lt"": 27.48, ""p90_lt"": 49.45, ""lead_time_mean"": 9.6, ""lead_time_std"": 7.5, ""confidence"": 0.91, ""top_drivers"": [""roll_mean_7"", ""lag_7"", ""lt_mean""]}","{""decision"": ""APPROVE"", ""confidence"": 0.6, ""rationale"": ""Order 42.0 units of 6560211a at OLIST-BR \u2014 demand risk is driven by roll mean 7, and stockout is ~7 days away at the current run rate."", ""ai_available"": false}","{""verdict"": ""AGREE"", ""final_decision"": ""APPROVE"", ""reasons"": [""net_benefit positive and no guardrail flags""], ""ai_available"": false}"
c46055bc-1273-54f4-bf85-b331905a86a1,9f505651f4a6abe901a56cdc21508025,PENDING_APPROVAL,28,[],2018-08-28T09:00:00Z,,,,,,REC-2018-08-14-9f505651,OLIST-BR,2018-08-14,7.0,35.08,16.61,0.9,7.0,1.0,311.05,6.25,304.8,"Order 28.0 units of 9f505651 at OLIST-BR — demand risk is driven by roll mean 7, and stockout is ~7 days away at the current run rate.","{""p50_lt"": 18.47, ""p90_lt"": 35.08, ""lead_time_mean"": 8.3, ""lead_time_std"": 7.7, ""confidence"": 0.91, ""top_drivers"": [""roll_mean_7"", ""lag_7"", ""lt_mean""]}","{""decision"": ""APPROVE"", ""confidence"": 0.6, ""rationale"": ""Order 28.0 units of 9f505651 at OLIST-BR \u2014 demand risk is driven by roll mean 7, and stockout is ~7 days away at the current run rate."", ""ai_available"": false}","{""verdict"": ""AGREE"", ""final_decision"": ""APPROVE"", ""reasons"": [""net_benefit positive and no guardrail flags""], ""ai_available"": false}"
c9be35a6-f1ad-546f-9098-4c7141f3689a,d13e50eaa47b4cbe9eb81465865d8cfc,PENDING_APPROVAL,8,[],2018-08-28T09:00:00Z,,,,,,REC-2018-08-14-d13e50ea,OLIST-BR,2018-08-14,7.0,15.25,5.87,0.9,7.0,0.464,105.74,1.71,104.03,"Order 8.0 units of d13e50ea at OLIST-BR — demand risk is driven by roll mean 7, and stockout is ~7 days away at the current run rate.","{""p50_lt"": 9.38, ""p90_lt"": 15.25, ""lead_time_mean"": 5.0, ""lead_time_std"": 2.8, ""confidence"": 0.91, ""top_drivers"": [""roll_mean_7"", ""lag_7"", ""lt_mean""]}","{""decision"": ""APPROVE"", ""confidence"": 0.6, ""rationale"": ""Order 8.0 units of d13e50ea at OLIST-BR \u2014 demand risk is driven by roll mean 7, and stockout is ~7 days away at the current run rate."", ""ai_available"": false}","{""verdict"": ""AGREE"", ""final_decision"": ""APPROVE"", ""reasons"": [""net_benefit positive and no guardrail flags""], ""ai_available"": false}"
7aa786f3-335e-55bf-ac0a-e6ee9102294f,da8622b14eb17ae2831f4ac5b9dab84a,PENDING_APPROVAL,31,[],2018-08-28T09:00:00Z,,,,,,REC-2018-08-14-da8622b1,OLIST-BR,2018-08-14,7.0,38.25,19.56,0.9,7.0,1.0,612.12,15.97,596.15,"Order 31.0 units of da8622b1 at OLIST-BR — demand risk is driven by roll mean 7, and stockout is ~7 days away at the current run rate.","{""p50_lt"": 18.69, ""p90_lt"": 38.25, ""lead_time_mean"": 11.2, ""lead_time_std"": 9.5, ""confidence"": 0.91, ""top_drivers"": [""roll_mean_7"", ""lag_7"", ""lt_mean""]}","{""decision"": ""APPROVE"", ""confidence"": 0.6, ""rationale"": ""Order 31.0 units of da8622b1 at OLIST-BR \u2014 demand risk is driven by roll mean 7, and stockout is ~7 days away at the current run rate."", ""ai_available"": false}","{""verdict"": ""AGREE"", ""final_decision"": ""APPROVE"", ""reasons"": [""net_benefit positive and no guardrail flags""], ""ai_available"": false}"
fe2f2caf-033f-599d-85d4-c676c2926134,4a3ca9315b744ce9f8e9374361493884,PENDING_APPROVAL,46,[],2018-08-28T09:00:00Z,,,,,,REC-2018-08-14-4a3ca931,OLIST-BR,2018-08-14,7.0,52.65,25.33,0.9,7.0,1.0,953.88,25.71,928.17,"Order 46.0 units of 4a3ca931 at OLIST-BR — demand risk is driven by roll mean 7, and stockout is ~7 days away at the current run rate.","{""p50_lt"": 27.32, ""p90_lt"": 52.65, ""lead_time_mean"": 14.5, ""lead_time_std"": 9.3, ""confidence"": 0.91, ""top_drivers"": [""roll_mean_7"", ""lag_7"", ""lt_mean""]}","{""decision"": ""APPROVE"", ""confidence"": 0.6, ""rationale"": ""Order 46.0 units of 4a3ca931 at OLIST-BR \u2014 demand risk is driven by roll mean 7, and stockout is ~7 days away at the current run rate."", ""ai_available"": false}","{""verdict"": ""AGREE"", ""final_decision"": ""APPROVE"", ""reasons"": [""net_benefit positive and no guardrail flags""], ""ai_available"": false}"
83475620-2b4b-58f7-ab50-5b637e6fe1de,955fee9216a65b617aa5c0531780ce60,PENDING_APPROVAL,35,[],2018-08-28T09:00:00Z,,,,,,REC-2018-08-14-955fee92,OLIST-BR,2018-08-14,7.0,41.63,22.65,0.9,7.0,1.0,522.65,13.65,509.0,"Order 35.0 units of 955fee92 at OLIST-BR — demand risk is driven by roll mean 7, and stockout is ~7 days away at the current run rate.","{""p50_lt"": 18.99, ""p90_lt"": 41.63, ""lead_time_mean"": 10.7, ""lead_time_std"": 8.2, ""confidence"": 0.91, ""top_drivers"": [""roll_mean_7"", ""lag_7"", ""lt_mean""]}","{""decision"": ""APPROVE"", ""confidence"": 0.6, ""rationale"": ""Order 35.0 units of 955fee92 at OLIST-BR \u2014 demand risk is driven by roll mean 7, and stockout is ~7 days away at the current run rate."", ""ai_available"": false}","{""verdict"": ""AGREE"", ""final_decision"": ""APPROVE"", ""reasons"": [""net_benefit positive and no guardrail flags""], ""ai_available"": false}"
57337b8b-4f03-59ac-8d0c-71b0d23f95b8,e9779976487b77c6d4ac45f75ec7afe9,PENDING_APPROVAL,36,[],2018-08-28T09:00:00Z,,,,,,REC-2018-08-14-e9779976,OLIST-BR,2018-08-14,7.0,42.5,24.21,0.9,7.0,1.0,324.54,8.39,316.15,"Order 36.0 units of e9779976 at OLIST-BR — demand risk is driven by roll mean 7, and stockout is ~7 days away at the current run rate.","{""p50_lt"": 18.29, ""p90_lt"": 42.5, ""lead_time_mean"": 9.9, ""lead_time_std"": 9.3, ""confidence"": 0.91, ""top_drivers"": [""roll_mean_7"", ""lag_7"", ""lt_mean""]}","{""decision"": ""APPROVE"", ""confidence"": 0.6, ""rationale"": ""Order 36.0 units of e9779976 at OLIST-BR \u2014 demand risk is driven by roll mean 7, and stockout is ~7 days away at the current run rate."", ""ai_available"": false}","{""verdict"": ""AGREE"", ""final_decision"": ""APPROVE"", ""reasons"": [""net_benefit positive and no guardrail flags""], ""ai_available"": false}"
08a7e58b-cf10-5cc3-8bdf-dbabc8c27653,8a432f4e5b471f8da497d7dc517666e2,PENDING_APPROVAL,11,[],2018-08-28T09:00:00Z,,,,,,REC-2018-08-14-8a432f4e,OLIST-BR,2018-08-14,7.0,18.3,6.22,0.9,7.0,1.0,137.47,2.85,134.62,"Order 11.0 units of 8a432f4e at OLIST-BR — demand risk is driven by roll mean 7, and stockout is ~7 days away at the current run rate.","{""p50_lt"": 12.08, ""p90_lt"": 18.3, ""lead_time_mean"": 8.0, ""lead_time_std"": 5.4, ""confidence"": 0.91, ""top_drivers"": [""roll_mean_7"", ""lag_7"", ""lt_mean""]}","{""decision"": ""APPROVE"", ""confidence"": 0.6, ""rationale"": ""Order 11.0 units of 8a432f4e at OLIST-BR \u2014 demand risk is driven by roll mean 7, and stockout is ~7 days away at the current run rate."", ""ai_available"": false}","{""verdict"": ""AGREE"", ""final_decision"": ""APPROVE"", ""reasons"": [""net_benefit positive and no guardrail flags""], ""ai_available"": false}"
aa43a7bc-c830-5ba4-ad4e-926969f5aaa8,1025f0e2d44d7041d6cf58b6550e0bfa,PENDING_APPROVAL,31,[],2018-08-28T09:00:00Z,,,,,,REC-2018-08-14-1025f0e2,OLIST-BR,2018-08-14,7.0,37.83,12.72,0.9,7.0,1.0,778.48,15.6,762.88,"Order 31.0 units of 1025f0e2 at OLIST-BR — demand risk is driven by roll mean 7, and stockout is ~7 days away at the current run rate.","{""p50_lt"": 25.11, ""p90_lt"": 37.83, ""lead_time_mean"": 12.1, ""lead_time_std"": 7.9, ""confidence"": 0.91, ""top_drivers"": [""roll_mean_7"", ""lag_7"", ""lt_mean""]}","{""decision"": ""APPROVE"", ""confidence"": 0.6, ""rationale"": ""Order 31.0 units of 1025f0e2 at OLIST-BR \u2014 demand risk is driven by roll mean 7, and stockout is ~7 days away at the current run rate."", ""ai_available"": false}","{""verdict"": ""AGREE"", ""final_decision"": ""APPROVE"", ""reasons"": [""net_benefit positive and no guardrail flags""], ""ai_available"": false}"
c8708737-7f4a-5e63-ae6c-1b26c95e6627,4b9750c8ad28220fe6702d4ecb7c898f,PENDING_APPROVAL,29,[],2018-08-28T09:00:00Z,,,,,,REC-2018-08-14-4b9750c8,OLIST-BR,2018-08-14,7.0,36.4,22.34,0.9,7.0,1.0,216.97,6.79,210.18,"Order 29.0 units of 4b9750c8 at OLIST-BR — demand risk is driven by roll mean 7, and stockout is ~7 days away at the current run rate.","{""p50_lt"": 14.06, ""p90_lt"": 36.4, ""lead_time_mean"": 9.4, ""lead_time_std"": 10.8, ""confidence"": 0.91, ""top_drivers"": [""roll_mean_7"", ""lag_7"", ""lt_mean""]}","{""decision"": ""APPROVE"", ""confidence"": 0.6, ""rationale"": ""Order 29.0 units of 4b9750c8 at OLIST-BR \u2014 demand risk is driven by roll mean 7, and stockout is ~7 days away at the current run rate."", ""ai_available"": false}","{""verdict"": ""AGREE"", ""final_decision"": ""APPROVE"", ""reasons"": [""net_benefit positive and no guardrail flags""], ""ai_available"": false}"
3528f4ee-ab44-5fd1-9ad0-47f3e8489dd4,cc419e0650a3c5ba77189a1882b7556a,PENDING_APPROVAL,22,[],2018-08-28T09:00:00Z,,,,,,REC-2018-08-14-cc419e06,OLIST-BR,2018-08-14,7.0,29.25,15.63,0.9,7.0,1.0,234.17,6.81,227.36,"Order 22.0 units of cc419e06 at OLIST-BR — demand risk is driven by roll mean 7, and stockout is ~7 days away at the current run rate.","{""p50_lt"": 13.62, ""p90_lt"": 29.25, ""lead_time_mean"": 11.5, ""lead_time_std"": 8.1, ""confidence"": 0.91, ""top_drivers"": [""roll_mean_7"", ""lag_7"", ""lt_mean""]}","{""decision"": ""APPROVE"", ""confidence"": 0.6, ""rationale"": ""Order 22.0 units of cc419e06 at OLIST-BR \u2014 demand risk is driven by roll mean 7, and stockout is ~7 days away at the current run rate."", ""ai_available"": false}","{""verdict"": ""AGREE"", ""final_decision"": ""APPROVE"", ""reasons"": [""net_benefit positive and no guardrail flags""], ""ai_available"": false}"
136986b5-c41f-56ba-bc28-b3fbf9962674,d91fb3b7d041e83b64a00a3edfb37e4f,PENDING_APPROVAL,15,[],2018-08-28T09:00:00Z,,,,,,REC-2018-08-14-d91fb3b7,OLIST-BR,2018-08-14,7.0,21.89,5.87,0.9,7.0,1.0,256.5,5.13,251.37,"Order 15.0 units of d91fb3b7 at OLIST-BR — demand risk is driven by roll mean 7, and stockout is ~7 days away at the current run rate.","{""p50_lt"": 16.02, ""p90_lt"": 21.89, ""lead_time_mean"": 11.4, ""lead_time_std"": 7.5, ""confidence"": 0.91, ""top_drivers"": [""roll_mean_7"", ""lag_7"", ""lt_mean""]}","{""decision"": ""APPROVE"", ""confidence"": 0.6, ""rationale"": ""Order 15.0 units of d91fb3b7 at OLIST-BR \u2014 demand risk is driven by roll mean 7, and stockout is ~7 days away at the current run rate."", ""ai_available"": false}","{""verdict"": ""AGREE"", ""final_decision"": ""APPROVE"", ""reasons"": [""net_benefit positive and no guardrail flags""], ""ai_available"": false}"
488e79bb-9b0d-5551-a0fe-c5ae15a47c11,671585f5a2af58b6e276bc01003c0d2b,PENDING_APPROVAL,4,[],2018-08-28T09:00:00Z,,,,,,REC-2018-08-14-671585f5,OLIST-BR,2018-08-14,7.0,10.99,3.33,0.9,7.0,0.329,16.87,0.5,16.37,"Order 4.0 units of 671585f5 at OLIST-BR — demand risk is driven by roll mean 7, and stockout is ~7 days away at the current run rate.","{""p50_lt"": 7.66, ""p90_lt"": 10.99, ""lead_time_mean"": 5.7, ""lead_time_std"": 1.7, ""confidence"": 0.91, ""top_drivers"": [""roll_mean_7"", ""lag_7"", ""lt_mean""]}","{""decision"": ""APPROVE"", ""confidence"": 0.6, ""rationale"": ""Order 4.0 units of 671585f5 at OLIST-BR \u2014 demand risk is driven by roll mean 7, and stockout is ~7 days away at the current run rate."", ""ai_available"": false}","{""verdict"": ""AGREE"", ""final_decision"": ""APPROVE"", ""reasons"": [""net_benefit positive and no guardrail flags""], ""ai_available"": false}"
3fecf9d4-f9dd-53e3-81e7-6037f66d32b1,4869f7a5dfa277a7dca6462dcf3b52b2,PENDING_APPROVAL,20,[],2018-08-28T09:00:00Z,,,,,,REC-2018-08-14-4869f7a5,OLIST-BR,2018-08-14,7.0,27.35,7.98,0.9,7.0,1.0,1043.5,23.99,1019.51,"Order 20.0 units of 4869f7a5 at OLIST-BR — demand risk is driven by roll mean 7, and stockout is ~7 days away at the current run rate.","{""p50_lt"": 19.37, ""p90_lt"": 27.35, ""lead_time_mean"": 15.0, ""lead_time_std"": 9.6, ""confidence"": 0.91, ""top_drivers"": [""roll_mean_7"", ""lag_7"", ""lt_mean""]}","{""decision"": ""APPROVE"", ""confidence"": 0.6, ""rationale"": ""Order 20.0 units of 4869f7a5 at OLIST-BR \u2014 demand risk is driven by roll mean 7, and stockout is ~7 days away at the current run rate."", ""ai_available"": false}","{""verdict"": ""AGREE"", ""final_decision"": ""APPROVE"", ""reasons"": [""net_benefit positive and no guardrail flags""], ""ai_available"": false}"
6bf2c1d2-e0d5-552d-9454-4f09099959ff,f8db351d8c4c4c22c6835c19a46f01b0,PENDING_APPROVAL,12,[],2018-08-28T09:00:00Z,,,,,,REC-2018-08-14-f8db351d,OLIST-BR,2018-08-14,7.0,19.32,5.51,0.9,7.0,1.0,139.63,2.75,136.88,"Order 12.0 units of f8db351d at OLIST-BR — demand risk is driven by roll mean 7, and stockout is ~7 days away at the current run rate.","{""p50_lt"": 13.81, ""p90_lt"": 19.32, ""lead_time_mean"": 10.0, ""lead_time_std"": 7.6, ""confidence"": 0.91, ""top_drivers"": [""roll_mean_7"", ""lag_7"", ""lt_mean""]}","{""decision"": ""APPROVE"", ""confidence"": 0.6, ""rationale"": ""Order 12.0 units of f8db351d at OLIST-BR \u2014 demand risk is driven by roll mean 7, and stockout is ~7 days away at the current run rate."", ""ai_available"": false}","{""verdict"": ""AGREE"", ""final_decision"": ""APPROVE"", ""reasons"": [""net_benefit positive and no guardrail flags""], ""ai_available"": false}"
cb45de1f-d142-50a3-bcb2-c5f092a6c88e,c003204e1ab016dfa150abc119207b24,PENDING_APPROVAL,11,[],2018-08-28T09:00:00Z,,,,,,REC-2018-08-14-c003204e,OLIST-BR,2018-08-14,7.0,18.22,5.31,0.9,7.0,1.0,255.2,5.67,249.53,"Order 11.0 units of c003204e at OLIST-BR — demand risk is driven by roll mean 7, and stockout is ~7 days away at the current run rate.","{""p50_lt"": 12.91, ""p90_lt"": 18.22, ""lead_time_mean"": 9.8, ""lead_time_std"": 7.9, ""confidence"": 0.91, ""top_drivers"": [""roll_mean_7"", ""lag_7"", ""lt_mean""]}","{""decision"": ""APPROVE"", ""confidence"": 0.6, ""rationale"": ""Order 11.0 units of c003204e at OLIST-BR \u2014 demand risk is driven by roll mean 7, and stockout is ~7 days away at the current run rate."", ""ai_available"": false}","{""verdict"": ""AGREE"", ""final_decision"": ""APPROVE"", ""reasons"": [""net_benefit positive and no guardrail flags""], ""ai_available"": false}"
ece80be3-43b0-5a7e-8732-c1430dc4236c,c70c1b0d8ca86052f45a432a38b73958,PENDING_APPROVAL,11,[],2018-08-28T09:00:00Z,,,,,,REC-2018-08-14-c70c1b0d,OLIST-BR,2018-08-14,7.0,18.35,8.0,0.9,7.0,0.469,141.54,4.42,137.12,"Order 11.0 units of c70c1b0d at OLIST-BR — demand risk is driven by roll mean 7, and stockout is ~7 days away at the current run rate.","{""p50_lt"": 10.35, ""p90_lt"": 18.35, ""lead_time_mean"": 7.6, ""lead_time_std"": 6.3, ""confidence"": 0.91, ""top_drivers"": [""roll_mean_7"", ""lag_7"", ""lt_mean""]}","{""decision"": ""APPROVE"", ""confidence"": 0.6, ""rationale"": ""Order 11.0 units of c70c1b0d at OLIST-BR \u2014 demand risk is driven by roll mean 7, and stockout is ~7 days away at the current run rate."", ""ai_available"": false}","{""verdict"": ""AGREE"", ""final_decision"": ""APPROVE"", ""reasons"": [""net_benefit positive and no guardrail flags""], ""ai_available"": false}"
05b41370-4e92-5aba-bced-56e06b26693c,8d956fec2e4337affcb520f56fd8cbfd,PENDING_APPROVAL,9,[],2018-08-28T09:00:00Z,,,,,,REC-2018-08-14-8d956fec,OLIST-BR,2018-08-14,7.0,16.18,4.53,0.9,7.0,0.472,89.13,1.78,87.35,"Order 9.0 units of 8d956fec at OLIST-BR — demand risk is driven by roll mean 7, and stockout is ~7 days away at the current run rate.","{""p50_lt"": 11.66, ""p90_lt"": 16.18, ""lead_time_mean"": 9.3, ""lead_time_std"": 6.6, ""confidence"": 0.91, ""top_drivers"": [""roll_mean_7"", ""lag_7"", ""lt_mean""]}","{""decision"": ""APPROVE"", ""confidence"": 0.6, ""rationale"": ""Order 9.0 units of 8d956fec at OLIST-BR \u2014 demand risk is driven by roll mean 7, and stockout is ~7 days away at the current run rate."", ""ai_available"": false}","{""verdict"": ""AGREE"", ""final_decision"": ""APPROVE"", ""reasons"": [""net_benefit positive and no guardrail flags""], ""ai_available"": false}"
3b051fc5-8673-598e-acb9-c0f2d75d24a8,81f89e42267213cb94da7ddc301651da,PENDING_APPROVAL,7,[],2018-08-28T09:00:00Z,,,,,,REC-2018-08-14-81f89e42,OLIST-BR,2018-08-14,7.0,14.01,6.52,0.9,7.0,0.442,38.67,1.85,36.82,"Order 7.0 units of 81f89e42 at OLIST-BR — demand risk is driven by roll mean 7, and stockout is ~7 days away at the current run rate.","{""p50_lt"": 7.49, ""p90_lt"": 14.01, ""lead_time_mean"": 7.6, ""lead_time_std"": 3.4, ""confidence"": 0.91, ""top_drivers"": [""roll_mean_7"", ""lag_7"", ""lt_mean""]}","{""decision"": ""APPROVE"", ""confidence"": 0.6, ""rationale"": ""Order 7.0 units of 81f89e42 at OLIST-BR \u2014 demand risk is driven by roll mean 7, and stockout is ~7 days away at the current run rate."", ""ai_available"": false}","{""verdict"": ""AGREE"", ""final_decision"": ""APPROVE"", ""reasons"": [""net_benefit positive and no guardrail flags""], ""ai_available"": false}"
8298a816-3d7d-5e34-868f-35f0a563e496,ea8482cd71df3c1969d7b9473ff13abc,PENDING_APPROVAL,12,[],2018-08-28T09:00:00Z,,,,,,REC-2018-08-14-ea8482cd,OLIST-BR,2018-08-14,7.0,18.73,4.85,0.9,7.0,1.0,80.51,2.03,78.48,"Order 12.0 units of ea8482cd at OLIST-BR — demand risk is driven by roll mean 7, and stockout is ~7 days away at the current run rate.","{""p50_lt"": 13.88, ""p90_lt"": 18.73, ""lead_time_mean"": 13.4, ""lead_time_std"": 9.2, ""confidence"": 0.91, ""top_drivers"": [""roll_mean_7"", ""lag_7"", ""lt_mean""]}","{""decision"": ""APPROVE"", ""confidence"": 0.6, ""rationale"": ""Order 12.0 units of ea8482cd at OLIST-BR \u2014 demand risk is driven by roll mean 7, and stockout is ~7 days away at the current run rate."", ""ai_available"": false}","{""verdict"": ""AGREE"", ""final_decision"": ""APPROVE"", ""reasons"": [""net_benefit positive and no guardrail flags""], ""ai_available"": false}"
8f58a2b1-9525-59c0-bba8-3608ccea20fe,f80edd2c5aaa505cc4b0a3b219abf4b8,PENDING_APPROVAL,23,[],2018-08-28T09:00:00Z,,,,,,REC-2018-08-14-f80edd2c,OLIST-BR,2018-08-14,7.0,29.88,17.74,0.9,7.0,1.0,224.49,7.73,216.76,"Order 23.0 units of f80edd2c at OLIST-BR — demand risk is driven by roll mean 7, and stockout is ~7 days away at the current run rate.","{""p50_lt"": 12.14, ""p90_lt"": 29.88, ""lead_time_mean"": 12.3, ""lead_time_std"": 8.8, ""confidence"": 0.91, ""top_drivers"": [""roll_mean_7"", ""lag_7"", ""lt_mean""]}","{""decision"": ""APPROVE"", ""confidence"": 0.6, ""rationale"": ""Order 23.0 units of f80edd2c at OLIST-BR \u2014 demand risk is driven by roll mean 7, and stockout is ~7 days away at the current run rate."", ""ai_available"": false}","{""verdict"": ""AGREE"", ""final_decision"": ""APPROVE"", ""reasons"": [""net_benefit positive and no guardrail flags""], ""ai_available"": false}"
54c0b033-1bfb-5c2d-a4e9-5c4c78a54d50,06a2c3af7b3aee5d69171b0e14f0ee87,PENDING_APPROVAL,19,[],2018-08-28T09:00:00Z,,,,,,REC-2018-08-14-06a2c3af,OLIST-BR,2018-08-14,7.0,25.76,7.01,0.9,7.0,1.0,483.24,12.47,470.77,"Order 19.0 units of 06a2c3af at OLIST-BR — demand risk is driven by roll mean 7, and stockout is ~7 days away at the current run rate.","{""p50_lt"": 18.75, ""p90_lt"": 25.76, ""lead_time_mean"": 18.1, ""lead_time_std"": 9.2, ""confidence"": 0.91, ""top_drivers"": [""roll_mean_7"", ""lag_7"", ""lt_mean""]}","{""decision"": ""APPROVE"", ""confidence"": 0.6, ""rationale"": ""Order 19.0 units of 06a2c3af at OLIST-BR \u2014 demand risk is driven by roll mean 7, and stockout is ~7 days away at the current run rate."", ""ai_available"": false}","{""verdict"": ""AGREE"", ""final_decision"": ""APPROVE"", ""reasons"": [""net_benefit positive and no guardrail flags""], ""ai_available"": false}"
046c8282-1db7-59e6-88fb-c5492e8c2631,7ad32824caee82087b3e2e5f33b1bf32,PENDING_APPROVAL,24,[],2018-08-28T09:00:00Z,,,,,,REC-2018-08-14-7ad32824,OLIST-BR,2018-08-14,7.0,30.51,17.29,0.9,7.0,1.0,422.14,13.22,408.92,"Order 24.0 units of 7ad32824 at OLIST-BR — demand risk is driven by roll mean 7, and stockout is ~7 days away at the current run rate.","{""p50_lt"": 13.22, ""p90_lt"": 30.51, ""lead_time_mean"": 11.6, ""lead_time_std"": 8.7, ""confidence"": 0.91, ""top_drivers"": [""roll_mean_7"", ""lag_7"", ""lt_mean""]}","{""decision"": ""APPROVE"", ""confidence"": 0.6, ""rationale"": ""Order 24.0 units of 7ad32824 at OLIST-BR \u2014 demand risk is driven by roll mean 7, and stockout is ~7 days away at the current run rate."", ""ai_available"": false}","{""verdict"": ""AGREE"", ""final_decision"": ""APPROVE"", ""reasons"": [""net_benefit positive and no guardrail flags""], ""ai_available"": false}"
d15be46a-a0e1-5acc-90fe-00f13321de8f,3d871de0142ce09b7081e2b9d1733cb1,PENDING_APPROVAL,11,[],2018-08-28T09:00:00Z,,,,,,REC-2018-08-14-3d871de0,OLIST-BR,2018-08-14,7.0,18.01,4.51,0.9,7.0,1.0,193.2,5.23,187.97,"Order 11.0 units of 3d871de0 at OLIST-BR — demand risk is driven by roll mean 7, and stockout is ~7 days away at the current run rate.","{""p50_lt"": 13.5, ""p90_lt"": 18.01, ""lead_time_mean"": 13.4, ""lead_time_std"": 9.1, ""confidence"": 0.91, ""top_drivers"": [""roll_mean_7"", ""lag_7"", ""lt_mean""]}","{""decision"": ""APPROVE"", ""confidence"": 0.6, ""rationale"": ""Order 11.0 units of 3d871de0 at OLIST-BR \u2014 demand risk is driven by roll mean 7, and stockout is ~7 days away at the current run rate."", ""ai_available"": false}","{""verdict"": ""AGREE"", ""final_decision"": ""APPROVE"", ""reasons"": [""net_benefit positive and no guardrail flags""], ""ai_available"": false}"
006ec7d7-bac8-5fa9-88d1-a31379fd742e,289cdb325fb7e7f891c38608bf9e0962,PENDING_APPROVAL,11,[],2018-08-28T09:00:00Z,,,,,,REC-2018-08-14-289cdb32,OLIST-BR,2018-08-14,7.0,17.56,6.27,0.9,7.0,0.447,216.91,4.11,212.8,"Order 11.0 units of 289cdb32 at OLIST-BR — demand risk is driven by roll mean 7, and stockout is ~7 days away at the current run rate.","{""p50_lt"": 11.28, ""p90_lt"": 17.56, ""lead_time_mean"": 6.7, ""lead_time_std"": 3.8, ""confidence"": 0.91, ""top_drivers"": [""roll_mean_7"", ""lag_7"", ""lt_mean""]}","{""decision"": ""APPROVE"", ""confidence"": 0.6, ""rationale"": ""Order 11.0 units of 289cdb32 at OLIST-BR \u2014 demand risk is driven by roll mean 7, and stockout is ~7 days away at the current run rate."", ""ai_available"": false}","{""verdict"": ""AGREE"", ""final_decision"": ""APPROVE"", ""reasons"": [""net_benefit positive and no guardrail flags""], ""ai_available"": false}"
ebedca5a-548c-5af5-a58f-ecc94aef3611,640e21a7d01df7614a3b4923e990d40c,PENDING_APPROVAL,9,[],2018-08-28T09:00:00Z,,,,,,REC-2018-08-14-640e21a7,OLIST-BR,2018-08-14,7.0,15.82,4.75,0.9,7.0,0.478,99.93,2.21,97.72,"Order 9.0 units of 640e21a7 at OLIST-BR — demand risk is driven by roll mean 7, and stockout is ~7 days away at the current run rate.","{""p50_lt"": 11.07, ""p90_lt"": 15.82, ""lead_time_mean"": 9.6, ""lead_time_std"": 4.9, ""confidence"": 0.91, ""top_drivers"": [""roll_mean_7"", ""lag_7"", ""lt_mean""]}","{""decision"": ""APPROVE"", ""confidence"": 0.6, ""rationale"": ""Order 9.0 units of 640e21a7 at OLIST-BR \u2014 demand risk is driven by roll mean 7, and stockout is ~7 days away at the current run rate."", ""ai_available"": false}","{""verdict"": ""AGREE"", ""final_decision"": ""APPROVE"", ""reasons"": [""net_benefit positive and no guardrail flags""], ""ai_available"": false}"
24383a65-f92f-53df-b1cd-32826d179a06,53e4c6e0f4312d4d2107a8c9cddf45cd,PENDING_APPROVAL,27,[],2018-08-28T09:00:00Z,,,,,,REC-2018-08-14-53e4c6e0,OLIST-BR,2018-08-14,7.0,33.58,20.41,0.9,7.0,1.0,211.81,7.58,204.23,"Order 27.0 units of 53e4c6e0 at OLIST-BR — demand risk is driven by roll mean 7, and stockout is ~7 days away at the current run rate.","{""p50_lt"": 13.17, ""p90_lt"": 33.58, ""lead_time_mean"": 12.1, ""lead_time_std"": 10.4, ""confidence"": 0.91, ""top_drivers"": [""roll_mean_7"", ""lag_7"", ""lt_mean""]}","{""decision"": ""APPROVE"", ""confidence"": 0.6, ""rationale"": ""Order 27.0 units of 53e4c6e0 at OLIST-BR \u2014 demand risk is driven by roll mean 7, and stockout is ~7 days away at the current run rate."", ""ai_available"": false}","{""verdict"": ""AGREE"", ""final_decision"": ""APPROVE"", ""reasons"": [""net_benefit positive and no guardrail flags""], ""ai_available"": false}"
e6e30bb2-be4f-520f-a427-e321826aefa4,6860153b69cc696d5dcfe1cdaaafcf62,PENDING_APPROVAL,6,[],2018-08-28T09:00:00Z,,,,,,REC-2018-08-14-6860153b,OLIST-BR,2018-08-14,7.0,12.96,2.81,0.9,7.0,0.479,47.59,1.26,46.33,"Order 6.0 units of 6860153b at OLIST-BR — demand risk is driven by roll mean 7, and stockout is ~7 days away at the current run rate.","{""p50_lt"": 10.15, ""p90_lt"": 12.96, ""lead_time_mean"": 10.3, ""lead_time_std"": 8.0, ""confidence"": 0.91, ""top_drivers"": [""roll_mean_7"", ""lag_7"", ""lt_mean""]}","{""decision"": ""APPROVE"", ""confidence"": 0.6, ""rationale"": ""Order 6.0 units of 6860153b at OLIST-BR \u2014 demand risk is driven by roll mean 7, and stockout is ~7 days away at the current run rate."", ""ai_available"": false}","{""verdict"": ""AGREE"", ""final_decision"": ""APPROVE"", ""reasons"": [""net_benefit positive and no guardrail flags""], ""ai_available"": false}"
48b7736d-f143-5875-82fe-79f50e3e0ab0,1835b56ce799e6a4dc4eddc053f04066,PENDING_APPROVAL,12,[],2018-08-28T09:00:00Z,,,,,,REC-2018-08-14-1835b56c,OLIST-BR,2018-08-14,7.0,19.03,5.97,0.9,7.0,1.0,145.59,3.7,141.89,"Order 12.0 units of 1835b56c at OLIST-BR — demand risk is driven by roll mean 7, and stockout is ~7 days away at the current run rate.","{""p50_lt"": 13.06, ""p90_lt"": 19.03, ""lead_time_mean"": 12.9, ""lead_time_std"": 8.7, ""confidence"": 0.91, ""top_drivers"": [""roll_mean_7"", ""lag_7"", ""lt_mean""]}","{""decision"": ""APPROVE"", ""confidence"": 0.6, ""rationale"": ""Order 12.0 units of 1835b56c at OLIST-BR \u2014 demand risk is driven by roll mean 7, and stockout is ~7 days away at the current run rate."", ""ai_available"": false}","{""verdict"": ""AGREE"", ""final_decision"": ""APPROVE"", ""reasons"": [""net_benefit positive and no guardrail flags""], ""ai_available"": false}"
0442484a-c0f7-58d4-8346-5079cbd743b7,cc63f0dd2acba93ffed4fe9f8e0321fa,PENDING_APPROVAL,8,[],2018-08-28T09:00:00Z,,,,,,REC-2018-08-14-cc63f0dd,OLIST-BR,2018-08-14,7.0,14.75,3.91,0.9,7.0,0.44,158.26,3.22,155.04,"Order 8.0 units of cc63f0dd at OLIST-BR — demand risk is driven by roll mean 7, and stockout is ~7 days away at the current run rate.","{""p50_lt"": 10.83, ""p90_lt"": 14.75, ""lead_time_mean"": 9.0, ""lead_time_std"": 3.9, ""confidence"": 0.91, ""top_drivers"": [""roll_mean_7"", ""lag_7"", ""lt_mean""]}","{""decision"": ""APPROVE"", ""confidence"": 0.6, ""rationale"": ""Order 8.0 units of cc63f0dd at OLIST-BR \u2014 demand risk is driven by roll mean 7, and stockout is ~7 days away at the current run rate."", ""ai_available"": false}","{""verdict"": ""AGREE"", ""final_decision"": ""APPROVE"", ""reasons"": [""net_benefit positive and no guardrail flags""], ""ai_available"": false}"
1de3e5a6-3930-5c79-82e8-5dc798cd075a,1f50f920176fa81dab994f9023523100,PENDING_APPROVAL,12,[],2018-08-28T09:00:00Z,,,,,,REC-2018-08-14-1f50f920,OLIST-BR,2018-08-14,7.0,19.12,5.41,0.9,7.0,1.0,173.62,4.68,168.94,"Order 12.0 units of 1f50f920 at OLIST-BR — demand risk is driven by roll mean 7, and stockout is ~7 days away at the current run rate.","{""p50_lt"": 13.72, ""p90_lt"": 19.12, ""lead_time_mean"": 15.6, ""lead_time_std"": 9.2, ""confidence"": 0.91, ""top_drivers"": [""roll_mean_7"", ""lag_7"", ""lt_mean""]}","{""decision"": ""APPROVE"", ""confidence"": 0.6, ""rationale"": ""Order 12.0 units of 1f50f920 at OLIST-BR \u2014 demand risk is driven by roll mean 7, and stockout is ~7 days away at the current run rate."", ""ai_available"": false}","{""verdict"": ""AGREE"", ""final_decision"": ""APPROVE"", ""reasons"": [""net_benefit positive and no guardrail flags""], ""ai_available"": false}"
a6546ce9-8faa-5ea0-b1ce-acefbfc7eafc,9b013e03b2ab786505a1d3b5c0756754,PENDING_APPROVAL,10,[],2018-08-28T09:00:00Z,,,,,,REC-2018-08-14-9b013e03,OLIST-BR,2018-08-14,7.0,17.48,9.49,0.9,7.0,0.439,28.56,1.4,27.16,"Order 10.0 units of 9b013e03 at OLIST-BR — demand risk is driven by roll mean 7, and stockout is ~7 days away at the current run rate.","{""p50_lt"": 7.99, ""p90_lt"": 17.48, ""lead_time_mean"": 8.0, ""lead_time_std"": 6.6, ""confidence"": 0.91, ""top_drivers"": [""roll_mean_7"", ""lag_7"", ""lt_mean""]}","{""decision"": ""APPROVE"", ""confidence"": 0.6, ""rationale"": ""Order 10.0 units of 9b013e03 at OLIST-BR \u2014 demand risk is driven by roll mean 7, and stockout is ~7 days away at the current run rate."", ""ai_available"": false}","{""verdict"": ""AGREE"", ""final_decision"": ""APPROVE"", ""reasons"": [""net_benefit positive and no guardrail flags""], ""ai_available"": false}"
d8e7c091-6698-51e9-9aaa-0d470f934921,f7ba60f8c3f99e7ee4042fdef03b70c4,PENDING_APPROVAL,8,[],2018-08-28T09:00:00Z,,,,,,REC-2018-08-14-f7ba60f8,OLIST-BR,2018-08-14,7.0,14.56,3.92,0.9,7.0,1.0,412.66,15.8,396.86,"Order 8.0 units of f7ba60f8 at OLIST-BR — demand risk is driven by roll mean 7, and stockout is ~7 days away at the current run rate.","{""p50_lt"": 10.64, ""p90_lt"": 14.56, ""lead_time_mean"": 13.2, ""lead_time_std"": 10.8, ""confidence"": 0.91, ""top_drivers"": [""roll_mean_7"", ""lag_7"", ""lt_mean""]}","{""decision"": ""APPROVE"", ""confidence"": 0.6, ""rationale"": ""Order 8.0 units of f7ba60f8 at OLIST-BR \u2014 demand risk is driven by roll mean 7, and stockout is ~7 days away at the current run rate."", ""ai_available"": false}","{""verdict"": ""AGREE"", ""final_decision"": ""APPROVE"", ""reasons"": [""net_benefit positive and no guardrail flags""], ""ai_available"": false}"
be537610-d37b-5f34-977e-90bd805ed11e,1900267e848ceeba8fa32d80c1a5f5a8,PENDING_APPROVAL,14,[],2018-08-28T09:00:00Z,,,,,,REC-2018-08-14-1900267e,OLIST-BR,2018-08-14,7.0,20.85,6.19,0.9,7.0,1.0,177.18,3.98,173.2,"Order 14.0 units of 1900267e at OLIST-BR — demand risk is driven by roll mean 7, and stockout is ~7 days away at the current run rate.","{""p50_lt"": 14.66, ""p90_lt"": 20.85, ""lead_time_mean"": 12.8, ""lead_time_std"": 7.7, ""confidence"": 0.91, ""top_drivers"": [""roll_mean_7"", ""lag_7"", ""lt_mean""]}","{""decision"": ""APPROVE"", ""confidence"": 0.6, ""rationale"": ""Order 14.0 units of 1900267e at OLIST-BR \u2014 demand risk is driven by roll mean 7, and stockout is ~7 days away at the current run rate."", ""ai_available"": false}","{""verdict"": ""AGREE"", ""final_decision"": ""APPROVE"", ""reasons"": [""net_benefit positive and no guardrail flags""], ""ai_available"": false}"
96c1ca19-8ae0-5dbe-9c21-146489921c49,16090f2ca825584b5a147ab24aa30c86,PENDING_APPROVAL,19,[],2018-08-28T09:00:00Z,,,,,,REC-2018-08-14-16090f2c,OLIST-BR,2018-08-14,7.0,25.75,14.1,0.9,7.0,0.488,88.77,2.58,86.19,"Order 19.0 units of 16090f2c at OLIST-BR — demand risk is driven by roll mean 7, and stockout is ~7 days away at the current run rate.","{""p50_lt"": 11.65, ""p90_lt"": 25.75, ""lead_time_mean"": 9.3, ""lead_time_std"": 9.4, ""confidence"": 0.91, ""top_drivers"": [""roll_mean_7"", ""lag_7"", ""lt_mean""]}","{""decision"": ""APPROVE"", ""confidence"": 0.6, ""rationale"": ""Order 19.0 units of 16090f2c at OLIST-BR \u2014 demand risk is driven by roll mean 7, and stockout is ~7 days away at the current run rate."", ""ai_available"": false}","{""verdict"": ""AGREE"", ""final_decision"": ""APPROVE"", ""reasons"": [""net_benefit positive and no guardrail flags""], ""ai_available"": false}"
9ea4da9a-65ef-56a7-b2c1-ef5ac5ec8e9b,5a413ade68e8f8d93071a7f52a64cb9e,PENDING_APPROVAL,6,[],2018-08-28T09:00:00Z,,,,,,REC-2018-08-14-5a413ade,OLIST-BR,2018-08-14,3.5,9.89,4.06,0.9,7.0,0.401,68.54,0.74,67.8,"Order 6.0 units of 5a413ade at OLIST-BR — demand risk is driven by roll mean 7, and stockout is ~7 days away at the current run rate.","{""p50_lt"": 5.83, ""p90_lt"": 9.89, ""lead_time_mean"": 4.1, ""lead_time_std"": 3.2, ""confidence"": 0.91, ""top_drivers"": [""roll_mean_7"", ""lag_7"", ""lt_mean""]}","{""decision"": ""APPROVE"", ""confidence"": 0.6, ""rationale"": ""Order 6.0 units of 5a413ade at OLIST-BR \u2014 demand risk is driven by roll mean 7, and stockout is ~7 days away at the current run rate."", ""ai_available"": false}","{""verdict"": ""AGREE"", ""final_decision"": ""APPROVE"", ""reasons"": [""net_benefit positive and no guardrail flags""], ""ai_available"": false}"
68ad3029-78ee-5835-b5cf-f15d32b9d34c,5656537e588803a555b8eb41f07a944b,PENDING_APPROVAL,9,[],2018-08-28T09:00:00Z,,,,,,REC-2018-08-14-5656537e,OLIST-BR,2018-08-14,3.5,12.59,2.99,0.9,7.0,1.0,71.69,1.25,70.44,"Order 9.0 units of 5656537e at OLIST-BR — demand risk is driven by roll mean 7, and stockout is ~7 days away at the current run rate.","{""p50_lt"": 9.61, ""p90_lt"": 12.59, ""lead_time_mean"": 11.4, ""lead_time_std"": 7.9, ""confidence"": 0.91, ""top_drivers"": [""roll_mean_7"", ""lag_7"", ""lt_mean""]}","{""decision"": ""APPROVE"", ""confidence"": 0.6, ""rationale"": ""Order 9.0 units of 5656537e at OLIST-BR \u2014 demand risk is driven by roll mean 7, and stockout is ~7 days away at the current run rate."", ""ai_available"": false}","{""verdict"": ""AGREE"", ""final_decision"": ""APPROVE"", ""reasons"": [""net_benefit positive and no guardrail flags""], ""ai_available"": false}"
64649d77-b97e-5797-8eaf-dc1b91b4ebb0,b39d7fe263ef469605dbb32608aee0af,PENDING_APPROVAL,7,[],2018-08-28T09:00:00Z,,,,,,REC-2018-08-14-b39d7fe2,OLIST-BR,2018-08-14,3.5,10.49,1.7,0.9,7.0,1.0,263.35,4.48,258.87,"Order 7.0 units of b39d7fe2 at OLIST-BR — demand risk is driven by roll mean 7, and stockout is ~7 days away at the current run rate.","{""p50_lt"": 8.78, ""p90_lt"": 10.49, ""lead_time_mean"": 13.3, ""lead_time_std"": 6.7, ""confidence"": 0.91, ""top_drivers"": [""roll_mean_7"", ""lag_7"", ""lt_mean""]}","{""decision"": ""APPROVE"", ""confidence"": 0.6, ""rationale"": ""Order 7.0 units of b39d7fe2 at OLIST-BR \u2014 demand risk is driven by roll mean 7, and stockout is ~7 days away at the current run rate."", ""ai_available"": false}","{""verdict"": ""AGREE"", ""final_decision"": ""APPROVE"", ""reasons"": [""net_benefit positive and no guardrail flags""], ""ai_available"": false}"
33d4b559-d1a0-597a-a927-b559b6eab4e7,c33847515fa6305ce6feb1e818569f13,PENDING_APPROVAL,11,[],2018-08-28T09:00:00Z,,,,,,REC-2018-08-14-c3384751,OLIST-BR,2018-08-14,3.5,14.27,3.95,0.9,7.0,1.0,371.17,6.26,364.91,"Order 11.0 units of c3384751 at OLIST-BR — demand risk is driven by roll mean 7, and stockout is ~7 days away at the current run rate.","{""p50_lt"": 10.32, ""p90_lt"": 14.27, ""lead_time_mean"": 9.6, ""lead_time_std"": 6.0, ""confidence"": 0.91, ""top_drivers"": [""roll_mean_7"", ""lag_7"", ""lt_mean""]}","{""decision"": ""APPROVE"", ""confidence"": 0.6, ""rationale"": ""Order 11.0 units of c3384751 at OLIST-BR \u2014 demand risk is driven by roll mean 7, and stockout is ~7 days away at the current run rate."", ""ai_available"": false}","{""verdict"": ""AGREE"", ""final_decision"": ""APPROVE"", ""reasons"": [""net_benefit positive and no guardrail flags""], ""ai_available"": false}"
398faedf-5213-56d8-998b-3c91e0993e32,c3cfdc648177fdbbbb35635a37472c53,PENDING_APPROVAL,14,[],2018-08-28T09:00:00Z,,,,,,REC-2018-08-14-c3cfdc64,OLIST-BR,2018-08-14,3.5,17.8,11.78,0.9,7.0,1.0,300.04,8.47,291.57,"Order 14.0 units of c3cfdc64 at OLIST-BR — demand risk is driven by roll mean 7, and stockout is ~7 days away at the current run rate.","{""p50_lt"": 6.02, ""p90_lt"": 17.8, ""lead_time_mean"": 9.7, ""lead_time_std"": 5.6, ""confidence"": 0.91, ""top_drivers"": [""roll_mean_7"", ""lag_7"", ""lt_mean""]}","{""decision"": ""APPROVE"", ""confidence"": 0.6, ""rationale"": ""Order 14.0 units of c3cfdc64 at OLIST-BR \u2014 demand risk is driven by roll mean 7, and stockout is ~7 days away at the current run rate."", ""ai_available"": false}","{""verdict"": ""AGREE"", ""final_decision"": ""APPROVE"", ""reasons"": [""net_benefit positive and no guardrail flags""], ""ai_available"": false}"
99dfc7ea-2a15-5819-97fe-ad5e36c47317,2138ccb85b11a4ec1e37afbd1c8eda1f,PENDING_APPROVAL,7,[],2018-08-28T09:00:00Z,,,,,,REC-2018-08-14-2138ccb8,OLIST-BR,2018-08-14,3.5,10.53,2.64,0.9,7.0,1.0,37.73,0.9,36.83,"Order 7.0 units of 2138ccb8 at OLIST-BR — demand risk is driven by roll mean 7, and stockout is ~7 days away at the current run rate.","{""p50_lt"": 7.89, ""p90_lt"": 10.53, ""lead_time_mean"": 11.3, ""lead_time_std"": 7.6, ""confidence"": 0.91, ""top_drivers"": [""roll_mean_7"", ""lag_7"", ""lt_mean""]}","{""decision"": ""APPROVE"", ""confidence"": 0.6, ""rationale"": ""Order 7.0 units of 2138ccb8 at OLIST-BR \u2014 demand risk is driven by roll mean 7, and stockout is ~7 days away at the current run rate."", ""ai_available"": false}","{""verdict"": ""AGREE"", ""final_decision"": ""APPROVE"", ""reasons"": [""net_benefit positive and no guardrail flags""], ""ai_available"": false}"
206e4764-ebe5-511f-8ace-81ff9fba2618,ef2fbc2b607d8492bcffe657a4645434,PENDING_APPROVAL,6,[],2018-08-28T09:00:00Z,,,,,,REC-2018-08-14-ef2fbc2b,OLIST-BR,2018-08-14,3.5,9.28,2.91,0.9,7.0,1.0,61.6,0.98,60.62,"Order 6.0 units of ef2fbc2b at OLIST-BR — demand risk is driven by roll mean 7, and stockout is ~7 days away at the current run rate.","{""p50_lt"": 6.37, ""p90_lt"": 9.28, ""lead_time_mean"": 7.0, ""lead_time_std"": 3.0, ""confidence"": 0.91, ""top_drivers"": [""roll_mean_7"", ""lag_7"", ""lt_mean""]}","{""decision"": ""APPROVE"", ""confidence"": 0.6, ""rationale"": ""Order 6.0 units of ef2fbc2b at OLIST-BR \u2014 demand risk is driven by roll mean 7, and stockout is ~7 days away at the current run rate."", ""ai_available"": false}","{""verdict"": ""AGREE"", ""final_decision"": ""APPROVE"", ""reasons"": [""net_benefit positive and no guardrail flags""], ""ai_available"": false}"
b9aaba21-5f7a-5e3b-8379-921d57bc1d5e,594f9aaa48e5bf431f011ddc5669b0d5,PENDING_APPROVAL,6,[],2018-08-28T09:00:00Z,,,,,,REC-2018-08-14-594f9aaa,OLIST-BR,2018-08-14,3.5,9.79,2.7,0.9,7.0,1.0,141.07,1.72,139.35,"Order 6.0 units of 594f9aaa at OLIST-BR — demand risk is driven by roll mean 7, and stockout is ~7 days away at the current run rate.","{""p50_lt"": 7.09, ""p90_lt"": 9.79, ""lead_time_mean"": 7.7, ""lead_time_std"": 4.1, ""confidence"": 0.91, ""top_drivers"": [""roll_mean_7"", ""lag_7"", ""lt_mean""]}","{""decision"": ""APPROVE"", ""confidence"": 0.6, ""rationale"": ""Order 6.0 units of 594f9aaa at OLIST-BR \u2014 demand risk is driven by roll mean 7, and stockout is ~7 days away at the current run rate."", ""ai_available"": false}","{""verdict"": ""AGREE"", ""final_decision"": ""APPROVE"", ""reasons"": [""net_benefit positive and no guardrail flags""], ""ai_available"": false}"
a34995cd-3fa4-5150-ba69-0f7becc466b3,7d13fca15225358621be4086e1eb0964,PENDING_APPROVAL,14,[],2018-08-28T09:00:00Z,,,,,,REC-2018-08-14-7d13fca1,OLIST-BR,2018-08-14,3.5,17.26,5.42,0.9,7.0,1.0,734.57,17.77,716.8,"Order 14.0 units of 7d13fca1 at OLIST-BR — demand risk is driven by roll mean 7, and stockout is ~7 days away at the current run rate.","{""p50_lt"": 11.84, ""p90_lt"": 17.26, ""lead_time_mean"": 15.8, ""lead_time_std"": 10.1, ""confidence"": 0.91, ""top_drivers"": [""roll_mean_7"", ""lag_7"", ""lt_mean""]}","{""decision"": ""APPROVE"", ""confidence"": 0.6, ""rationale"": ""Order 14.0 units of 7d13fca1 at OLIST-BR \u2014 demand risk is driven by roll mean 7, and stockout is ~7 days away at the current run rate."", ""ai_available"": false}","{""verdict"": ""AGREE"", ""final_decision"": ""APPROVE"", ""reasons"": [""net_benefit positive and no guardrail flags""], ""ai_available"": false}"
58cbaa9b-89ad-5f8e-b66b-c63b58d2d04b,18e694e0e48ed6f7aa3f24aade5fd697,PENDING_APPROVAL,4,[],2018-08-28T09:00:00Z,,,,,,REC-2018-08-14-18e694e0,OLIST-BR,2018-08-14,3.5,7.92,2.69,0.9,7.0,1.0,16.75,0.25,16.5,"Order 4.0 units of 18e694e0 at OLIST-BR — demand risk is driven by roll mean 7, and stockout is ~7 days away at the current run rate.","{""p50_lt"": 5.23, ""p90_lt"": 7.92, ""lead_time_mean"": 6.1, ""lead_time_std"": 3.4, ""confidence"": 0.91, ""top_drivers"": [""roll_mean_7"", ""lag_7"", ""lt_mean""]}","{""decision"": ""APPROVE"", ""confidence"": 0.6, ""rationale"": ""Order 4.0 units of 18e694e0 at OLIST-BR \u2014 demand risk is driven by roll mean 7, and stockout is ~7 days away at the current run rate."", ""ai_available"": false}","{""verdict"": ""AGREE"", ""final_decision"": ""APPROVE"", ""reasons"": [""net_benefit positive and no guardrail flags""], ""ai_available"": false}"
9ebac794-9d51-59df-9905-b9c56225ecba,d566c37fa119d5e66c4e9052e83ee4ea,PENDING_APPROVAL,5,[],2018-08-28T09:00:00Z,,,,,,REC-2018-08-14-d566c37f,OLIST-BR,2018-08-14,3.5,8.82,2.97,0.9,7.0,1.0,60.95,0.83,60.12,"Order 5.0 units of d566c37f at OLIST-BR — demand risk is driven by roll mean 7, and stockout is ~7 days away at the current run rate.","{""p50_lt"": 5.85, ""p90_lt"": 8.82, ""lead_time_mean"": 5.8, ""lead_time_std"": 3.9, ""confidence"": 0.91, ""top_drivers"": [""roll_mean_7"", ""lag_7"", ""lt_mean""]}","{""decision"": ""APPROVE"", ""confidence"": 0.6, ""rationale"": ""Order 5.0 units of d566c37f at OLIST-BR \u2014 demand risk is driven by roll mean 7, and stockout is ~7 days away at the current run rate."", ""ai_available"": false}","{""verdict"": ""AGREE"", ""final_decision"": ""APPROVE"", ""reasons"": [""net_benefit positive and no guardrail flags""], ""ai_available"": false}"
38a4e8b7-394a-5665-871f-c97bcf9774b4,6edacfd9f9074789dad6d62ba7950b9c,PENDING_APPROVAL,11,[],2018-08-28T09:00:00Z,,,,,,REC-2018-08-14-6edacfd9,OLIST-BR,2018-08-14,3.5,14.95,7.35,0.9,7.0,1.0,119.5,2.45,117.05,"Order 11.0 units of 6edacfd9 at OLIST-BR — demand risk is driven by roll mean 7, and stockout is ~7 days away at the current run rate.","{""p50_lt"": 7.6, ""p90_lt"": 14.95, ""lead_time_mean"": 9.1, ""lead_time_std"": 6.3, ""confidence"": 0.91, ""top_drivers"": [""roll_mean_7"", ""lag_7"", ""lt_mean""]}","{""decision"": ""APPROVE"", ""confidence"": 0.6, ""rationale"": ""Order 11.0 units of 6edacfd9 at OLIST-BR \u2014 demand risk is driven by roll mean 7, and stockout is ~7 days away at the current run rate."", ""ai_available"": false}","{""verdict"": ""AGREE"", ""final_decision"": ""APPROVE"", ""reasons"": [""net_benefit positive and no guardrail flags""], ""ai_available"": false}"
fa94d706-49d7-53bd-8300-c7dc7cc3c81f,7299e27ed73d2ad986de7f7c77d919fa,PENDING_APPROVAL,10,[],2018-08-28T09:00:00Z,,,,,,REC-2018-08-14-7299e27e,OLIST-BR,2018-08-14,3.5,13.86,3.54,0.9,7.0,1.0,196.39,3.41,192.98,"Order 10.0 units of 7299e27e at OLIST-BR — demand risk is driven by roll mean 7, and stockout is ~7 days away at the current run rate.","{""p50_lt"": 10.32, ""p90_lt"": 13.86, ""lead_time_mean"": 11.4, ""lead_time_std"": 8.0, ""confidence"": 0.91, ""top_drivers"": [""roll_mean_7"", ""lag_7"", ""lt_mean""]}","{""decision"": ""APPROVE"", ""confidence"": 0.6, ""rationale"": ""Order 10.0 units of 7299e27e at OLIST-BR \u2014 demand risk is driven by roll mean 7, and stockout is ~7 days away at the current run rate."", ""ai_available"": false}","{""verdict"": ""AGREE"", ""final_decision"": ""APPROVE"", ""reasons"": [""net_benefit positive and no guardrail flags""], ""ai_available"": false}"
59e04888-78b3-5390-856d-853c1b810078,391fc6631aebcf3004804e51b40bcf1e,PENDING_APPROVAL,10,[],2018-08-28T09:00:00Z,,,,,,REC-2018-08-14-391fc663,OLIST-BR,2018-08-14,3.5,13.89,3.47,0.9,7.0,1.0,152.97,3.16,149.81,"Order 10.0 units of 391fc663 at OLIST-BR — demand risk is driven by roll mean 7, and stockout is ~7 days away at the current run rate.","{""p50_lt"": 10.42, ""p90_lt"": 13.89, ""lead_time_mean"": 14.3, ""lead_time_std"": 8.6, ""confidence"": 0.91, ""top_drivers"": [""roll_mean_7"", ""lag_7"", ""lt_mean""]}","{""decision"": ""APPROVE"", ""confidence"": 0.6, ""rationale"": ""Order 10.0 units of 391fc663 at OLIST-BR \u2014 demand risk is driven by roll mean 7, and stockout is ~7 days away at the current run rate."", ""ai_available"": false}","{""verdict"": ""AGREE"", ""final_decision"": ""APPROVE"", ""reasons"": [""net_benefit positive and no guardrail flags""], ""ai_available"": false}"
ed6793cb-3f63-5b62-8e6c-3fa4bfe2656b,ea67327e24487bdfac5fbfa37ea124df,PENDING_APPROVAL,7,[],2018-08-28T09:00:00Z,,,,,,REC-2018-08-14-ea67327e,OLIST-BR,2018-08-14,3.5,10.19,1.86,0.9,7.0,1.0,323.64,4.54,319.1,"Order 7.0 units of ea67327e at OLIST-BR — demand risk is driven by roll mean 7, and stockout is ~7 days away at the current run rate.","{""p50_lt"": 8.33, ""p90_lt"": 10.19, ""lead_time_mean"": 8.8, ""lead_time_std"": 4.2, ""confidence"": 0.91, ""top_drivers"": [""roll_mean_7"", ""lag_7"", ""lt_mean""]}","{""decision"": ""APPROVE"", ""confidence"": 0.6, ""rationale"": ""Order 7.0 units of ea67327e at OLIST-BR \u2014 demand risk is driven by roll mean 7, and stockout is ~7 days away at the current run rate."", ""ai_available"": false}","{""verdict"": ""AGREE"", ""final_decision"": ""APPROVE"", ""reasons"": [""net_benefit positive and no guardrail flags""], ""ai_available"": false}"
