sku_id,origin_date,store_id,protection_days,p10_lt,p50_lt,p90_lt
6560211a19b47992c3666cc44a7e94c0,2018-08-14,OLIST-BR,10.7005,7.7610061976546,27.48381783714227,49.454400638599125
9f505651f4a6abe901a56cdc21508025,2018-08-14,OLIST-BR,10.126,3.900118361684912,18.466116964305847,35.077506132499124
d13e50eaa47b4cbe9eb81465865d8cfc,2018-08-14,OLIST-BR,6.079,3.9999991698786608,9.379514150121746,15.25347248244357
da8622b14eb17ae2831f4ac5b9dab84a,2018-08-14,OLIST-BR,12.5505,3.566969746231833,18.690789972490947,38.25278486078671
4a3ca9315b744ce9f8e9374361493884,2018-08-14,OLIST-BR,15.128,8.247111127344311,27.3179709681242,52.6515163164758
955fee9216a65b617aa5c0531780ce60,2018-08-14,OLIST-BR,12.386,4.17433912235398,18.98521597836269,41.630435076928826
e9779976487b77c6d4ac45f75ec7afe9,2018-08-14,OLIST-BR,11.703,4.143126483650966,18.293615955120313,42.50073973071207
8a432f4e5b471f8da497d7dc517666e2,2018-08-14,OLIST-BR,9.4725,2.6262220855974117,12.078566924511728,18.300315182952584
1025f0e2d44d7041d6cf58b6550e0bfa,2018-08-14,OLIST-BR,13.5115,11.036334586835506,25.113151549514455,37.82815324107999
4b9750c8ad28220fe6702d4ecb7c898f,2018-08-14,OLIST-BR,11.651,0.9999997924696652,14.064933337897976,36.40223345470038
cc419e0650a3c5ba77189a1882b7556a,2018-08-14,OLIST-BR,12.7755,3.529382004810714,13.616697835233744,29.245614634755977
d91fb3b7d041e83b64a00a3edfb37e4f,2018-08-14,OLIST-BR,12.571,5.9972549346246025,16.021557290141324,21.888994852220172
671585f5a2af58b6e276bc01003c0d2b,2018-08-14,OLIST-BR,6.7185,4.606242263242719,7.65690058357555,10.987841639096185
4869f7a5dfa277a7dca6462dcf3b52b2,2018-08-14,OLIST-BR,15.664,7.882828513192814,19.368072233141554,27.350560749133468
f8db351d8c4c4c22c6835c19a46f01b0,2018-08-14,OLIST-BR,11.1905,4.403318708713611,13.81355649617574,19.31964550423991
c003204e1ab016dfa150abc119207b24,2018-08-14,OLIST-BR,11.406,3.793676744649304,12.913066832631038,18.224551055991167
c70c1b0d8ca86052f45a432a38b73958,2018-08-14,OLIST-BR,8.862,0.0,10.354946328504425,18.35315649517396
8d956fec2e4337affcb520f56fd8cbfd,2018-08-14,OLIST-BR,10.5355,4.640279595548255,11.65752177406121,16.184745174780474
81f89e42267213cb94da7ddc301651da,2018-08-14,OLIST-BR,8.5925,2.8981561876152386,7.490709059164148,14.008124078866189
ea8482cd71df3c1969d7b9473ff13abc,2018-08-14,OLIST-BR,14.7245,4.004522666075252,13.878185071066596,18.72973585116257
f80edd2c5aaa505cc4b0a3b219abf4b8,2018-08-14,OLIST-BR,13.6585,3.512983751303484,12.144191970938522,29.882711108438826
06a2c3af7b3aee5d69171b0e14f0ee87,2018-08-14,OLIST-BR,18.6415,12.02111204049583,18.753471731385638,25.76299438717342
7ad32824caee82087b3e2e5f33b1bf32,2018-08-14,OLIST-BR,12.9335,3.6825653498052886,13.220168158266166,30.512781229332283
3d871de0142ce09b7081e2b9d1733cb1,2018-08-14,OLIST-BR,14.8105,2.969714982274597,13.502047464175824,18.013427702301623
289cdb325fb7e7f891c38608bf9e0962,2018-08-14,OLIST-BR,7.738,3.247398658813241,11.28429235054914,17.558993367495063
640e21a7d01df7614a3b4923e990d40c,2018-08-14,OLIST-BR,10.664,4.999998962348326,11.070384902842164,15.823970264428851
53e4c6e0f4312d4d2107a8c9cddf45cd,2018-08-14,OLIST-BR,13.659,1.8459947196454456,13.16852422324369,33.57645242947521
6860153b69cc696d5dcfe1cdaaafcf62,2018-08-14,OLIST-BR,11.8775,3.305642569879044,10.147227168745376,12.958861170479492
1835b56ce799e6a4dc4eddc053f04066,2018-08-14,OLIST-BR,14.0795,5.109164246394643,13.064779989991116,19.03329293573458
cc63f0dd2acba93ffed4fe9f8e0321fa,2018-08-14,OLIST-BR,9.9345,4.838415696338304,10.83457294479106,14.745299062614452
1f50f920176fa81dab994f9023523100,2018-08-14,OLIST-BR,16.5435,5.999850080947366,13.716664060243607,19.12261324720305
9b013e03b2ab786505a1d3b5c0756754,2018-08-14,OLIST-BR,9.5655,1.3794807079948366,7.98868295655307,17.4803753172131
f7ba60f8c3f99e7ee4042fdef03b70c4,2018-08-14,OLIST-BR,14.788,1.9493317659695357,10.639233126726626,14.561922954768223
1900267e848ceeba8fa32d80c1a5f5a8,2018-08-14,OLIST-BR,13.837,7.308939294779599,14.660855076546259,20.846372419918065
16090f2ca825584b5a147ab24aa30c86,2018-08-14,OLIST-BR,11.302,3.6700208777827896,11.64966884463874,25.754429757103402
5a413ade68e8f8d93071a7f52a64cb9e,2018-08-14,OLIST-BR,5.4735,2.443134931142598,5.828255229344137,9.892724226743447
5656537e588803a555b8eb41f07a944b,2018-08-14,OLIST-BR,12.6185,4.115163506823938,9.60684320631983,12.594076209126703
b39d7fe263ef469605dbb32608aee0af,2018-08-14,OLIST-BR,14.1635,6.3616685283430305,8.7831483824677,10.486815694632197
c33847515fa6305ce6feb1e818569f13,2018-08-14,OLIST-BR,10.7325,2.740508377442815,10.32254638049378,14.267716832038476
c3cfdc648177fdbbbb35635a37472c53,2018-08-14,OLIST-BR,10.8895,1.9999995849393304,6.024565676363341,17.802815915108493
2138ccb85b11a4ec1e37afbd1c8eda1f,2018-08-14,OLIST-BR,12.57,0.9999997924696652,7.891175281958297,10.526754783293763
ef2fbc2b607d8492bcffe657a4645434,2018-08-14,OLIST-BR,7.9575,2.7995615512075487,6.371175199175665,9.281334321772759
594f9aaa48e5bf431f011ddc5669b0d5,2018-08-14,OLIST-BR,8.719,4.04120777899127,7.09188301475545,9.78921808030192
7d13fca15225358621be4086e1eb0964,2018-08-14,OLIST-BR,16.217,5.002365001039503,11.841207977320995,17.260961214738153
18e694e0e48ed6f7aa3f24aade5fd697,2018-08-14,OLIST-BR,7.2345,1.9999995849393304,5.22894296218473,7.921526394939393
d566c37fa119d5e66c4e9052e83ee4ea,2018-08-14,OLIST-BR,7.1285,1.9487596180710485,5.8450972215109775,8.815737041629905
6edacfd9f9074789dad6d62ba7950b9c,2018-08-14,OLIST-BR,10.462,3.1255010251633384,7.596297580072895,14.946972655513251
7299e27ed73d2ad986de7f7c77d919fa,2018-08-14,OLIST-BR,12.75,4.165692516491753,10.322504379581154,13.863731937320072
391fc6631aebcf3004804e51b40bcf1e,2018-08-14,OLIST-BR,15.4055,3.2965054900399053,10.417080352036194,13.88697392027381
ea67327e24487bdfac5fbfa37ea124df,2018-08-14,OLIST-BR,9.9425,4.128388044712108,8.333958775259866,10.191010389935954
